position,track_name,artist,streams,URL,date
1,Intentions (feat. Quavo),Justin Bieber,229705,https://open.spotify.com/track/4umIPjkehX1r7uhmGvXiSV,2020-04-01
2,Don't Start Now,Dua Lipa,218455,https://open.spotify.com/track/3PfIrDoz19wz7qK7tYeu62,2020-04-01
3,Sunday Best,Surfaces,173926,https://open.spotify.com/track/1Cv1YLb4q0RzL6pybtaMLo,2020-04-01
4,Imahe,Magnus Haven,172098,https://open.spotify.com/track/65sEZZaxTjLMD8vNgPoMz5,2020-04-01
5,death bed (coffee for your head) (feat. beabadoobee),Powfu,168559,https://open.spotify.com/track/7eJMfftS33KTjuF7lTsMCx,2020-04-01
6,Make It With You,Ben&Ben,162468,https://open.spotify.com/track/2Mo4pOpCYXOu33856sMQLh,2020-04-01
7,Pagtingin,Ben&Ben,150829,https://open.spotify.com/track/5l9g7py8RCblcvbZgGQgSd,2020-04-01
8,Dance Monkey,Tones And I,143178,https://open.spotify.com/track/1rgnBhdG2JDFTbYkYRZAku,2020-04-01
9,Someone You Loved,Lewis Capaldi,137950,https://open.spotify.com/track/7qEHsqek33rTcFNT9PFqLf,2020-04-01
10,"10,000 Hours (with Justin Bieber)",Dan + Shay,136348,https://open.spotify.com/track/2wrJq5XKLnmhRXHIAf9xBa,2020-04-01
11,Sa Susunod na Habang Buhay,Ben&Ben,132998,https://open.spotify.com/track/3PgjBOoA5OytNGkglObpOd,2020-04-01
12,Say So,Doja Cat,132432,https://open.spotify.com/track/3Dv1eDb0MEgF93GpLXlucZ,2020-04-01
13,Circles,Post Malone,126670,https://open.spotify.com/track/21jGcNKet2qwijlDFuPiPb,2020-04-01
14,Hindi Tayo Pwede,The Juans,125073,https://open.spotify.com/track/6VqZS3Wmf53pbfDBVEYvnP,2020-04-01
15,Like That (feat. Gucci Mane),Doja Cat,120811,https://open.spotify.com/track/4EivmOT13NMpNSfTKn9p4s,2020-04-01
16,Memories,Maroon 5,120761,https://open.spotify.com/track/2b8fOow8UzyDFAE27YhOZM,2020-04-01
17,Supalonely,BENEE,113793,https://open.spotify.com/track/4nK5YrxbMGZstTLbvj6Gxw,2020-04-01
18,Falling,Trevor Daniel,112923,https://open.spotify.com/track/2rRJrJEo19S2J82BDsQ3F7,2020-04-01
19,Teka Lang,Emman,112871,https://open.spotify.com/track/47UUjZbqZjcrzELnFBB1Ht,2020-04-01
20,Yummy,Justin Bieber,110837,https://open.spotify.com/track/16wAOAZ2OkqoIDN7TpChjR,2020-04-01
21,Break My Heart,Dua Lipa,110612,https://open.spotify.com/track/017PF4Q3l4DBUiWoXk4OWT,2020-04-01
22,Vibe With Me,Matthaios,110414,https://open.spotify.com/track/0G5qmu4TsdUH19zdcbI9Ui,2020-04-01
23,Masyado Pang Maaga,Ben&Ben,109437,https://open.spotify.com/track/0luyrm1L6gjtoLekHOf67t,2020-04-01
24,Araw-Araw Love,Flow G,104082,https://open.spotify.com/track/1x7DysraeqSgVgj95hHc3U,2020-04-01
25,ROXANNE,Arizona Zervas,103946,https://open.spotify.com/track/696DnlkuDOXcMAnKlTgXXK,2020-04-01
26,Yellow Hearts,Ant Saunders,98735,https://open.spotify.com/track/2W4yABdLc4Jnds67Poi5Nl,2020-04-01
27,The Box,Roddy Ricch,96221,https://open.spotify.com/track/0nbXyq5TXYPCO7pr3N8S4I,2020-04-01
28,Kathang Isip,Ben&Ben,94560,https://open.spotify.com/track/3WUEs51GpcvlgU7lehLgLh,2020-04-01
29,Make You Mine,PUBLIC,89179,https://open.spotify.com/track/5iFwAOB2TFkPJk8sMlxP8g,2020-04-01
30,Mean It,Lauv,88020,https://open.spotify.com/track/3uc8AGNL0KbvISIrjnfRvN,2020-04-01
31,Blinding Lights,The Weeknd,87709,https://open.spotify.com/track/0VjIjW4GlUZAMYd2vXMi3b,2020-04-01
32,Catriona,Matthaios,85981,https://open.spotify.com/track/4YMfE4r1JWADFw2Fn74XW2,2020-04-01
33,Maybe The Night,Ben&Ben,84689,https://open.spotify.com/track/1yDiru08Q6omDOGkZMPnei,2020-04-01
34,Beautiful Scars,Maximillian,84561,https://open.spotify.com/track/0iw0EuzmMKMYvZuQYW8DBA,2020-04-01
35,I Want You Back,Matthaios,82350,https://open.spotify.com/track/5jLUKFlEJzOf6b6PCaohFI,2020-04-01
36,Ivana,Soulstice,80472,https://open.spotify.com/track/54b8IPvheXDpro2VR2rWAS,2020-04-01
37,Can We Kiss Forever?,Kina,80241,https://open.spotify.com/track/58wyJLv6yH1La9NIZPl3ne,2020-04-01
38,Araw-Araw,Ben&Ben,79869,https://open.spotify.com/track/4rG3h1QwgjSSWz8EIjCFrm,2020-04-01
39,In Your Eyes,The Weeknd,75432,https://open.spotify.com/track/7szuecWAPwGoV1e5vGu8tl,2020-04-01
40,It's You,Ali Gatie,74201,https://open.spotify.com/track/5DqdesEfbRyOlSS3Tf6c29,2020-04-01
41,Malayo Ka Man,Jr Crown,71353,https://open.spotify.com/track/3R6Hl2e7hAyCfofRRToKAo,2020-04-01
42,Sana,I Belong to the Zoo,70360,https://open.spotify.com/track/1X4l4i472kW5ofFP8Xo0x0,2020-04-01
43,I.F.L.Y.,Bazzi,69626,https://open.spotify.com/track/4a6q8CR2hzLk2plDkSxkfD,2020-04-01
44,"always, i'll care",Jeremy Zucker,69262,https://open.spotify.com/track/1LdS1ULS9e18oW3M2C1MUj,2020-04-01
45,Get You The Moon (feat. Snøw),Kina,68573,https://open.spotify.com/track/4ZLzoOkj0MPWrTLvooIuaa,2020-04-01
46,comethru,Jeremy Zucker,67474,https://open.spotify.com/track/18uwL0vNUanqZH0ro2QcOP,2020-04-01
47,Leaves,Ben&Ben,67132,https://open.spotify.com/track/6wdCelHrPh7UfliNjwRTUv,2020-04-01
48,Paalam,Moira Dela Torre,64457,https://open.spotify.com/track/6D9DwqiHiMKmy2V7HvN6zs,2020-04-01
49,WANNABE,ITZY,62498,https://open.spotify.com/track/6tCssnvTUREcperDOUTqvA,2020-04-01
50,Kung 'Di Rin Lang Ikaw,December Avenue,61402,https://open.spotify.com/track/2BgD4nRyx9EZ5o8YEnjRSV,2020-04-01
51,Blueberry Faygo,Lil Mosey,57487,https://open.spotify.com/track/22LAwLoDA5b4AaGSkg6bKW,2020-04-01
52,Savage,Megan Thee Stallion,57222,https://open.spotify.com/track/55CHeLEfn5iJ0IIkgaa4si,2020-04-01
53,Sa Susunod Na Lang,PDL,55594,https://open.spotify.com/track/34ob61cxp34Sf7KHK6RnSU,2020-04-01
54,Sanctuary,Joji,53022,https://open.spotify.com/track/3xaugmCyXrVkrDTXbFkMW3,2020-04-01
55,Binalewala - Original Version,Michael Dutchi Libranda,47533,https://open.spotify.com/track/2tR5liucorXRwduxr0qEx6,2020-04-01
56,Physical,Dua Lipa,47345,https://open.spotify.com/track/3AzjcOeAmA57TIOr9zF1ZW,2020-04-01
57,2002,Anne-Marie,46165,https://open.spotify.com/track/2BgEsaKNfHUdlh97KmvFyo,2020-04-01
58,Your Song,Parokya Ni Edgar,44037,https://open.spotify.com/track/3OpGUlDmRUXh0NkIYWoIlD,2020-04-01
59,Sa Ngalan Ng Pag-Ibig,December Avenue,42672,https://open.spotify.com/track/00mBzIWv5gHOYxwuEJXjOG,2020-04-01
60,Adore You,Harry Styles,42555,https://open.spotify.com/track/3jjujdWJ72nww5eGnfs2E7,2020-04-01
61,Landas,Magnus Haven,42423,https://open.spotify.com/track/7EoLMCwL7LfLsLF8acLpih,2020-04-01
62,I Like Me Better,Lauv,42346,https://open.spotify.com/track/2P91MQbaiQOfbiz9VqhqKQ,2020-04-01
63,I Don't Care (with Justin Bieber),Ed Sheeran,42065,https://open.spotify.com/track/0hVXuCcriWRGvwMV1r5Yn9,2020-04-01
64,Say You Won't Let Go,James Arthur,41776,https://open.spotify.com/track/5uCax9HTNlzGybIStD3vDh,2020-04-01
65,Miracle Nights,ALLMO$T,41409,https://open.spotify.com/track/3sWLOFGI7dNN6YBM1m1RKB,2020-04-01
66,Malibu Nights,LANY,40662,https://open.spotify.com/track/0Eqg0CQ7bK3RQIMPw1A7pl,2020-04-01
67,Beautiful People (feat. Khalid),Ed Sheeran,40238,https://open.spotify.com/track/70eFcWOvlMObDhURTqT4Fv,2020-04-01
68,Roses - Imanbek Remix,SAINt JHN,40059,https://open.spotify.com/track/24Yi9hE78yPEbZ4kxyoXAI,2020-04-01
69,"Patawad, Paalam",Moira Dela Torre,39444,https://open.spotify.com/track/5QJYLlZvfZHX1wUTrgROru,2020-04-01
70,Huling Sandali (Tayo Sa Huling Buwan Ng Taon Official Soundtrack),December Avenue,39419,https://open.spotify.com/track/24ngpWhBOxKJtIPnzSNX8c,2020-04-01
71,Kahit Ayaw Mo Na,This Band,39408,https://open.spotify.com/track/58grXgbCj7t5ulr0TGLIr9,2020-04-01
72,Best Part (feat. Daniel Caesar),H.E.R.,39370,https://open.spotify.com/track/4OBZT9EnhYIV17t4pGw7ig,2020-04-01
73,BELIEVE IT,PARTYNEXTDOOR,39178,https://open.spotify.com/track/4HDCLYli2SUdkq9OjmvhSD,2020-04-01
74,Relationship (feat. Future),Young Thug,38343,https://open.spotify.com/track/25oOaleife6E2MIKmFkPvg,2020-04-01
75,Señorita,Shawn Mendes,36823,https://open.spotify.com/track/6v3KW9xbzN5yKLt9YKDYA2,2020-04-01
76,Tala,Sarah Geronimo,36806,https://open.spotify.com/track/4T7CM071eEoHudiDShZlCJ,2020-04-01
77,Sunflower - Spider-Man: Into the Spider-Verse,Post Malone,36330,https://open.spotify.com/track/0RiRZpuVRbi7oqRdSMwhQY,2020-04-01
78,Ikaw At Ako,Moira Dela Torre,35847,https://open.spotify.com/track/0gDRtumoR9ZrvAlnniToMz,2020-04-01
79,Mundo,IV Of Spades,35837,https://open.spotify.com/track/4u8RkgV6P4TLi89SmlUtv8,2020-04-01
80,Zebbiana,Skusta Clee,35836,https://open.spotify.com/track/6IdEQ3HUseBeRUYFSzSMdL,2020-04-01
81,Forever (feat. Post Malone & Clever),Justin Bieber,35455,https://open.spotify.com/track/2ZlCGeK30BLRNSPC832pNZ,2020-04-01
82,Rainbow,South Border,35215,https://open.spotify.com/track/3ueq4reab02CypseErxvwS,2020-04-01
83,Fall,Ben&Ben,34824,https://open.spotify.com/track/4SQ3HwsAiGTikY7gOAybwH,2020-04-01
84,Buwan,juan karlos,33920,https://open.spotify.com/track/5f9808hpiCpuNyqqdXmpF2,2020-04-01
85,Nobela,Join The Club,33381,https://open.spotify.com/track/3vGkyQlCw8LklNip0ZUELC,2020-04-01
86,The Day You Said Goodnight,Hale,33195,https://open.spotify.com/track/0HZ3OUVrGHxttD2EuHqRm3,2020-04-01
87,lowkey,NIKI,33187,https://open.spotify.com/track/5TTXEcfsYLh6fTarLaevTi,2020-04-01
88,Skechers,DripReport,32940,https://open.spotify.com/track/2alc8VZAzDgdAsL2QMk3hu,2020-04-01
89,Psycho,Red Velvet,32159,https://open.spotify.com/track/3CYH422oy1cZNoo0GTG1TK,2020-04-01
90,Bounty,Ex Battalion,31511,https://open.spotify.com/track/3BNwUaRo3w1teVSkd69sL8,2020-04-01
91,Boy With Luv (feat. Halsey),BTS,31472,https://open.spotify.com/track/5KawlOMHjWeUjQtnuRs22c,2020-04-01
92,Too Good At Goodbyes,Sam Smith,30827,https://open.spotify.com/track/1mXVgsBdtIVeCLJnSnmtdV,2020-04-01
93,Hindi Na Nga,This Band,30658,https://open.spotify.com/track/2RgD3eO4IIGF16rR8Ch8OV,2020-04-01
94,Falling,Harry Styles,30497,https://open.spotify.com/track/1ZMiCix7XSAbfAJlEZWMCp,2020-04-01
95,Feelings,Lauv,30355,https://open.spotify.com/track/0s26En1JoJhVj32vizElpA,2020-04-01
96,I Need You More Today,Caleb Santos,30321,https://open.spotify.com/track/761frfZtZ8I2g70UsjFfBK,2020-04-01
97,Bakit Ba Ikaw,Michael Pangilinan,30289,https://open.spotify.com/track/0Vmk6Ebk4QBq7r0VAz2a6s,2020-04-01
98,What If I Told You That I Love You,Ali Gatie,30287,https://open.spotify.com/track/3cqPu20DGTGUoZtbJH2Dmi,2020-04-01
99,Love Someone,Lukas Graham,30149,https://open.spotify.com/track/0OCRwXbQRdOZ1OtB4Imsp1,2020-04-01
100,Tell Me Where It Hurts,MYMP,30132,https://open.spotify.com/track/6C2nrsOlb3jOUGcJAmPrTA,2020-04-01
101,Shape of My Heart,Backstreet Boys,29845,https://open.spotify.com/track/35o9a4iAfLl5jRmqMX9c1D,2020-04-01
102,Lover,Taylor Swift,29759,https://open.spotify.com/track/1dGr1c8CrMLDpV6mPbImSI,2020-04-01
103,Bulong,December Avenue,29671,https://open.spotify.com/track/5nMKJJ5Rl6X1yn58aVeICO,2020-04-01
104,Lose Control,MEDUZA,29461,https://open.spotify.com/track/7CHi4DtfK4heMlQaudCuHK,2020-04-01
105,"fuck, i'm lonely (with Anne-Marie)",Lauv,29293,https://open.spotify.com/track/09PGubKAMryhOWv1LHpCYz,2020-04-01
106,Kung Wala Ka,Hale,29138,https://open.spotify.com/track/4JSDhJVmo2UqdF7nxbyenn,2020-04-01
107,If the World Was Ending - feat. Julia Michaels,JP Saxe,29128,https://open.spotify.com/track/2kJwzbxV2ppxnQoYw4GLBZ,2020-04-01
108,After Hours,The Weeknd,28880,https://open.spotify.com/track/2p8IUWQDrpjuFltbdgLOag,2020-04-01
109,Die For You,The Weeknd,28724,https://open.spotify.com/track/2LBqCSwhJGcFQeTHMVGwy3,2020-04-01
110,You Are The Reason,Calum Scott,28695,https://open.spotify.com/track/69vToJ9BMbbLlFZo7k7A7B,2020-04-01
111,Hanggang Kailan - Umuwi Ka Na Baby,Orange & Lemons,28590,https://open.spotify.com/track/5UhpceEr5XmbVwyoIUIRnh,2020-04-01
112,Ride Home,Ben&Ben,28553,https://open.spotify.com/track/1fXHTDYsJiFOjVWITaFp1j,2020-04-01
113,What Am I,Why Don't We,28489,https://open.spotify.com/track/0TMGV2zMZXOILVtQLtkI3G,2020-04-01
114,This I Promise You,*NSYNC,28414,https://open.spotify.com/track/46n2EGFnPC3tzWCN1Aqe26,2020-04-01
115,214,Rivermaya,28388,https://open.spotify.com/track/7gZ3kWNtIxFgxjsm5OTVMB,2020-04-01
116,Boss Bitch,Doja Cat,28141,https://open.spotify.com/track/78qd8dvwea0Gosb6Fe6j3k,2020-04-01
117,Stickwitu,The Pussycat Dolls,28030,https://open.spotify.com/track/2lgz3yy1AyoceOVOOBmiOS,2020-04-01
118,Like It Is,Kygo,27826,https://open.spotify.com/track/3frUvGrmGcay91lvFbOgsN,2020-04-01
119,Tattoos Together,Lauv,27812,https://open.spotify.com/track/1Srt81FTalOhRw7t7l8Yh8,2020-04-01
120,Dahan,December Avenue,27606,https://open.spotify.com/track/6BxJLJw228OY5BFerPGl7z,2020-04-01
121,ILYSB - STRIPPED,LANY,27540,https://open.spotify.com/track/3Dkvp3L4w0uJFYfIPa8E9H,2020-04-01
122,With a Smile,South Border,27293,https://open.spotify.com/track/6XmskR1cMfgys1W7dExmgi,2020-04-01
123,Tagpuan,Moira Dela Torre,27289,https://open.spotify.com/track/0ztDBQdQmdVZvorSmIjMih,2020-04-01
124,ily (i love you baby) (feat. Emilee),Surf Mesa,27174,https://open.spotify.com/track/62aP9fBQKYKxi7PDXwcUAS,2020-04-01
125,Ikaw Lang,Kiyo,27151,https://open.spotify.com/track/2kRjoaqiyeS0Faus5wKztH,2020-04-01
126,Rewrite The Stars,Zac Efron,26842,https://open.spotify.com/track/630sXRhIcfwr2e4RdNtjKN,2020-04-01
127,IDGAF,Dua Lipa,26789,https://open.spotify.com/track/76cy1WJvNGJTj78UqeA5zr,2020-04-01
128,Someday,Nina,26719,https://open.spotify.com/track/1MkiRsYBkXbXvdiYvTTiQT,2020-04-01
129,bad guy,Billie Eilish,26639,https://open.spotify.com/track/2Fxmhks0bxGSBdJ92vM42m,2020-04-01
130,ME! (feat. Brendon Urie of Panic! At The Disco),Taylor Swift,26628,https://open.spotify.com/track/2Rk4JlNc2TPmZe2af99d45,2020-04-01
131,I Love Me,Demi Lovato,26611,https://open.spotify.com/track/2IHLaN6wwYKQ3S24NsQqpA,2020-04-01
132,Your Song (My One and Only You),Julie Anne San Jose,26562,https://open.spotify.com/track/5Seh4HfqT1mFnRJQswqz51,2020-04-01
133,Lover (Remix) [feat. Shawn Mendes],Taylor Swift,26553,https://open.spotify.com/track/3i9UVldZOE0aD0JnyfAZZ0,2020-04-01
134,Just the Way You Are,Bruno Mars,26426,https://open.spotify.com/track/7BqBn9nzAq8spo5e7cZ0dJ,2020-04-01
135,Titig,MC Einstein,26413,https://open.spotify.com/track/1x8pFCRfBnDqckyB6mlZci,2020-04-01
136,"Till My Heartaches End - From ""The Significant Other""",KZ Tandingan,26396,https://open.spotify.com/track/4isDU5tDNqFLQ5xQ9NgPmz,2020-04-01
137,Neneng B,Nik Makino,26336,https://open.spotify.com/track/0BaMZMMEG7GWrUYsoGw8Yg,2020-04-01
138,Urong Sulong,Alisson Shore,26110,https://open.spotify.com/track/2KoWHNtJrbE0WxWfQjYjyu,2020-04-01
139,She Will Be Loved - Radio Mix,Maroon 5,26069,https://open.spotify.com/track/4llK75pXNWZz6KAho2Gp16,2020-04-01
140,To Die For,Sam Smith,26011,https://open.spotify.com/track/2ZTYlnhhV1UAReg7wIGolx,2020-04-01
141,Pauwi Nako,PDL,25890,https://open.spotify.com/track/2tzAN1L07SNwnOdgOEeuQr,2020-04-01
142,Tadhana,Up Dharma Down,25795,https://open.spotify.com/track/6NFKf8vBApSvtzkapYmnVR,2020-04-01
143,Before You Go,Lewis Capaldi,25655,https://open.spotify.com/track/2gMXnyrvIjhVBUZwvLZDMP,2020-04-01
144,"thank u, next",Ariana Grande,25508,https://open.spotify.com/track/3e9HZxeyfWwjeyPAMmWSSQ,2020-04-01
145,i'm so tired...,Lauv,25455,https://open.spotify.com/track/4vjpLMyL3ZO6aphdYr8XYw,2020-04-01
146,Lucky,Jason Mraz,25235,https://open.spotify.com/track/2qLMf6TuEC3ruGJg4SMMN6,2020-04-01
147,Weak,Khel Pangilinan,25231,https://open.spotify.com/track/06cUybZMETs4i3yQO1f7p3,2020-04-01
148,Balang Araw,I Belong to the Zoo,25048,https://open.spotify.com/track/5NXdUJ3Z2jhlp2u1cj6f7m,2020-04-01
149,If I Can't Have You,Shawn Mendes,24907,https://open.spotify.com/track/2bT1PH7Cw3J9p3t7nlXCdh,2020-04-01
150,Lose You To Love Me,Selena Gomez,24859,https://open.spotify.com/track/4l0Mvzj72xxOpRrp6h8nHi,2020-04-01
151,The Weekend - Funk Wav Remix,SZA,24751,https://open.spotify.com/track/0P6AWOA4LG1XOctzaVu5tt,2020-04-01
152,Without Me,Halsey,24742,https://open.spotify.com/track/6FZDfxM3a3UCqtzo5pxSLZ,2020-04-01
153,Goodbyes (Feat. Young Thug),Post Malone,24599,https://open.spotify.com/track/6vBdBCoOhKHiYDDOcorfNo,2020-04-01
154,Beautiful (feat. Camila Cabello),Bazzi,24334,https://open.spotify.com/track/4VUwkH455At9kENOfzTqmF,2020-04-01
155,ON,BTS,24320,https://open.spotify.com/track/2QyuXBcV1LJ2rq01KhreMF,2020-04-01
156,It Might Be You - Theme from Everyday I Love You,Michael Pangilinan,24319,https://open.spotify.com/track/4FdQYoWFym37QDQ2GkEHi1,2020-04-01
157,You're Still The One,Shania Twain,24308,https://open.spotify.com/track/6sU3YUz0Ld3OPFmrnxlpzD,2020-04-01
158,Feel Special,TWICE,24299,https://open.spotify.com/track/14rWuS6yllHOdfZ8sZsZUj,2020-04-01
159,Out of My League,Stephen Speaks,24257,https://open.spotify.com/track/2PkQeKapTNUjwpKLf8aJlq,2020-04-01
160,Before I Let You Go,Freestyle,24233,https://open.spotify.com/track/5T8bLnWG8sg9ER8RKNZbCB,2020-04-01
161,You And Me,Lifehouse,24213,https://open.spotify.com/track/0815caqt2Lytro5EIzMufT,2020-04-01
162,Repeat,Al James,24139,https://open.spotify.com/track/011GTFfE8rqTRMhz5g8IAW,2020-04-01
163,Ikaw Lamang,Silent Sanctuary,23914,https://open.spotify.com/track/2v5VIWMjZxeiG52KckiXxS,2020-04-01
164,Kahit Di Mo Alam,December Avenue,23877,https://open.spotify.com/track/6GIzDc4xBUeYHwubWwTrhC,2020-04-01
165,I'm Yours,Jason Mraz,23721,https://open.spotify.com/track/3S0OXQeoh0w6AY8WQVckRW,2020-04-01
166,Never Really Over,Katy Perry,23600,https://open.spotify.com/track/5PYQUBXc7NYeI1obMKSJK0,2020-04-01
167,Shallow,Lady Gaga,23552,https://open.spotify.com/track/2VxeLyX666F8uXCJ0dZF8B,2020-04-01
168,Normalan,Shanti Dope,23480,https://open.spotify.com/track/2ctqjxISMsrkCg7YdGkECu,2020-04-01
169,Dating Tayo,TJ Monterde,23440,https://open.spotify.com/track/267RumTt5KeLBGl2KWxBL0,2020-04-01
170,Demonyo,juan karlos,23393,https://open.spotify.com/track/1WXs4O7mBxXglHJPwYweHq,2020-04-01
171,So Sick,Ne-Yo,23342,https://open.spotify.com/track/6brl7bwOHmGFkNw3MBqssT,2020-04-01
172,Dantay,Kiyo,23292,https://open.spotify.com/track/7tQ2P3dP76bj1aSEfe8StO,2020-04-01
173,Beautiful Soul,Jesse McCartney,23213,https://open.spotify.com/track/1HwpWwa6bnqqRhK8agG4RS,2020-04-01
174,Godzilla (feat. Juice WRLD),Eminem,23135,https://open.spotify.com/track/7FIWs0pqAYbP91WWM0vlTQ,2020-04-01
175,Bagay Tayo,ALLMO$T,22895,https://open.spotify.com/track/2mwd0LWLBgtQBEOLG96nbU,2020-04-01
176,Mabagal,Daniel Padilla,22774,https://open.spotify.com/track/4wJ5SjIkViEQEu95U8oyLt,2020-04-01
177,Oceans (Where Feet May Fail),Hillsong UNITED,22717,https://open.spotify.com/track/5Mw9bXG1dLNhbjofkVS2oR,2020-04-01
178,I Want It That Way,Backstreet Boys,22604,https://open.spotify.com/track/47BBI51FKFwOMlIiX6m8ya,2020-04-01
179,Patawad,Moira Dela Torre,22580,https://open.spotify.com/track/6tw7xpKrZm9vHfymxBc52E,2020-04-01
180,Perfect,Ed Sheeran,22274,https://open.spotify.com/track/0tgVpDi06FyKpA1z0VMD4v,2020-04-01
181,Dancing With A Stranger (with Normani),Sam Smith,22232,https://open.spotify.com/track/6Qs4SXO9dwPj5GKvVOv8Ki,2020-04-01
182,How Do You Sleep?,Sam Smith,22167,https://open.spotify.com/track/6b2RcmUt1g9N9mQ3CbjX2Y,2020-04-01
183,"Halik Sa Hangin - From ""The Killer Bride""",KZ Tandingan,22131,https://open.spotify.com/track/77iVPjxBy9Q3GgOxVE1UUA,2020-04-01
184,Ex,Callalily,22024,https://open.spotify.com/track/0GHwNr0lqf8jpc9wesmnHo,2020-04-01
185,Stupid Love,Lady Gaga,21923,https://open.spotify.com/track/2kJu14V7hbZw3I4K8L8SXb,2020-04-01
186,Modern Loneliness,Lauv,21911,https://open.spotify.com/track/1eyek0KJEh2v5HQ9uQSybb,2020-04-01
187,Sino,Unique Salonga,21787,https://open.spotify.com/track/0x2VgHoxUxKFbIUqQur8Fe,2020-04-01
188,Thick And Thin,LANY,21786,https://open.spotify.com/track/3D110t9ctcoOoylXsc3iR8,2020-04-01
189,Lexi,Nik Makino,21784,https://open.spotify.com/track/5LZqOdfYUXunyhHmPqGI6j,2020-04-01
190,Know Your Worth,Khalid,21747,https://open.spotify.com/track/0TrPqhAMoaKUFLR7iYDokf,2020-04-01
191,When You Say Nothing At All,Ronan Keating,21723,https://open.spotify.com/track/0gcjc7Vt5xtcfmJgf6g2IO,2020-04-01
192,Take A Bow,Rihanna,21632,https://open.spotify.com/track/39afswHs17v53znQm1gDTY,2020-04-01
193,Migraine,Moonstar88,21594,https://open.spotify.com/track/7sW3f7PqDV7BQ7qqeVBJIA,2020-04-01
194,Ang Huling El Bimbo,Eraserheads,21588,https://open.spotify.com/track/135ggzbjOogZ75IQ0LQi8r,2020-04-01
195,The Way You Look at Me,Christian Bautista,21585,https://open.spotify.com/track/1C3wg8sCIPqpNQx0wAL4DC,2020-04-01
196,Magbalik,Callalily,21582,https://open.spotify.com/track/5zMR44ZH4KVZj4FlhTj3SE,2020-04-01
197,Like I'm Gonna Lose You (feat. John Legend),Meghan Trainor,21570,https://open.spotify.com/track/2YlZnw2ikdb837oKMKjBkW,2020-04-01
198,Talk (feat. Disclosure),Khalid,21516,https://open.spotify.com/track/6TqXcAFInzjp0bODyvrWEq,2020-04-01
199,True,Ryan Cabrera,21367,https://open.spotify.com/track/0jdeV5dSB3kUBRqe1xQJbh,2020-04-01
200,Fall for You (Acoustic),Secondhand Serenade,21359,https://open.spotify.com/track/5V7mTIcXVU9k2JNu0mE6vy,2020-04-01
1,Intentions (feat. Quavo),Justin Bieber,227970,https://open.spotify.com/track/4umIPjkehX1r7uhmGvXiSV,2020-04-02
2,Don't Start Now,Dua Lipa,217451,https://open.spotify.com/track/3PfIrDoz19wz7qK7tYeu62,2020-04-02
3,Sunday Best,Surfaces,174576,https://open.spotify.com/track/1Cv1YLb4q0RzL6pybtaMLo,2020-04-02
4,death bed (coffee for your head) (feat. beabadoobee),Powfu,170542,https://open.spotify.com/track/7eJMfftS33KTjuF7lTsMCx,2020-04-02
5,Imahe,Magnus Haven,169014,https://open.spotify.com/track/65sEZZaxTjLMD8vNgPoMz5,2020-04-02
6,Make It With You,Ben&Ben,158931,https://open.spotify.com/track/2Mo4pOpCYXOu33856sMQLh,2020-04-02
7,Pagtingin,Ben&Ben,144486,https://open.spotify.com/track/5l9g7py8RCblcvbZgGQgSd,2020-04-02
8,Dance Monkey,Tones And I,142724,https://open.spotify.com/track/1rgnBhdG2JDFTbYkYRZAku,2020-04-02
9,Someone You Loved,Lewis Capaldi,136038,https://open.spotify.com/track/7qEHsqek33rTcFNT9PFqLf,2020-04-02
10,Teka Lang,Emman,135875,https://open.spotify.com/track/47UUjZbqZjcrzELnFBB1Ht,2020-04-02
11,"10,000 Hours (with Justin Bieber)",Dan + Shay,132867,https://open.spotify.com/track/2wrJq5XKLnmhRXHIAf9xBa,2020-04-02
12,Say So,Doja Cat,132369,https://open.spotify.com/track/3Dv1eDb0MEgF93GpLXlucZ,2020-04-02
13,Sa Susunod na Habang Buhay,Ben&Ben,128396,https://open.spotify.com/track/3PgjBOoA5OytNGkglObpOd,2020-04-02
14,Hindi Tayo Pwede,The Juans,123828,https://open.spotify.com/track/6VqZS3Wmf53pbfDBVEYvnP,2020-04-02
15,Like That (feat. Gucci Mane),Doja Cat,122899,https://open.spotify.com/track/4EivmOT13NMpNSfTKn9p4s,2020-04-02
16,Circles,Post Malone,121226,https://open.spotify.com/track/21jGcNKet2qwijlDFuPiPb,2020-04-02
17,Memories,Maroon 5,117111,https://open.spotify.com/track/2b8fOow8UzyDFAE27YhOZM,2020-04-02
18,Supalonely,BENEE,115966,https://open.spotify.com/track/4nK5YrxbMGZstTLbvj6Gxw,2020-04-02
19,Falling,Trevor Daniel,112056,https://open.spotify.com/track/2rRJrJEo19S2J82BDsQ3F7,2020-04-02
20,Vibe With Me,Matthaios,110606,https://open.spotify.com/track/0G5qmu4TsdUH19zdcbI9Ui,2020-04-02
21,Yummy,Justin Bieber,107580,https://open.spotify.com/track/16wAOAZ2OkqoIDN7TpChjR,2020-04-02
22,Break My Heart,Dua Lipa,107274,https://open.spotify.com/track/017PF4Q3l4DBUiWoXk4OWT,2020-04-02
23,Masyado Pang Maaga,Ben&Ben,103971,https://open.spotify.com/track/0luyrm1L6gjtoLekHOf67t,2020-04-02
24,Araw-Araw Love,Flow G,103605,https://open.spotify.com/track/1x7DysraeqSgVgj95hHc3U,2020-04-02
25,ROXANNE,Arizona Zervas,99915,https://open.spotify.com/track/696DnlkuDOXcMAnKlTgXXK,2020-04-02
26,Yellow Hearts,Ant Saunders,98258,https://open.spotify.com/track/2W4yABdLc4Jnds67Poi5Nl,2020-04-02
27,Blinding Lights,The Weeknd,97746,https://open.spotify.com/track/0VjIjW4GlUZAMYd2vXMi3b,2020-04-02
28,The Box,Roddy Ricch,93816,https://open.spotify.com/track/0nbXyq5TXYPCO7pr3N8S4I,2020-04-02
29,Kathang Isip,Ben&Ben,92580,https://open.spotify.com/track/3WUEs51GpcvlgU7lehLgLh,2020-04-02
30,Make You Mine,PUBLIC,90390,https://open.spotify.com/track/5iFwAOB2TFkPJk8sMlxP8g,2020-04-02
31,Beautiful Scars,Maximillian,86702,https://open.spotify.com/track/0iw0EuzmMKMYvZuQYW8DBA,2020-04-02
32,Mean It,Lauv,84771,https://open.spotify.com/track/3uc8AGNL0KbvISIrjnfRvN,2020-04-02
33,Malayo Ka Man,Jr Crown,83855,https://open.spotify.com/track/3R6Hl2e7hAyCfofRRToKAo,2020-04-02
34,Maybe The Night,Ben&Ben,82741,https://open.spotify.com/track/1yDiru08Q6omDOGkZMPnei,2020-04-02
35,Catriona,Matthaios,82363,https://open.spotify.com/track/4YMfE4r1JWADFw2Fn74XW2,2020-04-02
36,I Want You Back,Matthaios,81038,https://open.spotify.com/track/5jLUKFlEJzOf6b6PCaohFI,2020-04-02
37,Can We Kiss Forever?,Kina,79169,https://open.spotify.com/track/58wyJLv6yH1La9NIZPl3ne,2020-04-02
38,Ivana,Soulstice,78152,https://open.spotify.com/track/54b8IPvheXDpro2VR2rWAS,2020-04-02
39,Araw-Araw,Ben&Ben,76849,https://open.spotify.com/track/4rG3h1QwgjSSWz8EIjCFrm,2020-04-02
40,In Your Eyes,The Weeknd,72942,https://open.spotify.com/track/7szuecWAPwGoV1e5vGu8tl,2020-04-02
41,It's You,Ali Gatie,72618,https://open.spotify.com/track/5DqdesEfbRyOlSS3Tf6c29,2020-04-02
42,Paalam,Moira Dela Torre,71579,https://open.spotify.com/track/6D9DwqiHiMKmy2V7HvN6zs,2020-04-02
43,Sana,I Belong to the Zoo,69363,https://open.spotify.com/track/1X4l4i472kW5ofFP8Xo0x0,2020-04-02
44,"always, i'll care",Jeremy Zucker,69089,https://open.spotify.com/track/1LdS1ULS9e18oW3M2C1MUj,2020-04-02
45,I.F.L.Y.,Bazzi,68456,https://open.spotify.com/track/4a6q8CR2hzLk2plDkSxkfD,2020-04-02
46,Savage,Megan Thee Stallion,68330,https://open.spotify.com/track/55CHeLEfn5iJ0IIkgaa4si,2020-04-02
47,WANNABE,ITZY,67706,https://open.spotify.com/track/6tCssnvTUREcperDOUTqvA,2020-04-02
48,Get You The Moon (feat. Snøw),Kina,66260,https://open.spotify.com/track/4ZLzoOkj0MPWrTLvooIuaa,2020-04-02
49,Leaves,Ben&Ben,64128,https://open.spotify.com/track/6wdCelHrPh7UfliNjwRTUv,2020-04-02
50,Kung 'Di Rin Lang Ikaw,December Avenue,60931,https://open.spotify.com/track/2BgD4nRyx9EZ5o8YEnjRSV,2020-04-02
51,Blueberry Faygo,Lil Mosey,57691,https://open.spotify.com/track/22LAwLoDA5b4AaGSkg6bKW,2020-04-02
52,comethru,Jeremy Zucker,57334,https://open.spotify.com/track/18uwL0vNUanqZH0ro2QcOP,2020-04-02
53,Binalewala - Original Version,Michael Dutchi Libranda,46900,https://open.spotify.com/track/2tR5liucorXRwduxr0qEx6,2020-04-02
54,Physical,Dua Lipa,46329,https://open.spotify.com/track/3AzjcOeAmA57TIOr9zF1ZW,2020-04-02
55,2002,Anne-Marie,46237,https://open.spotify.com/track/2BgEsaKNfHUdlh97KmvFyo,2020-04-02
56,Your Song,Parokya Ni Edgar,44819,https://open.spotify.com/track/3OpGUlDmRUXh0NkIYWoIlD,2020-04-02
57,Sa Susunod Na Lang,PDL,43816,https://open.spotify.com/track/34ob61cxp34Sf7KHK6RnSU,2020-04-02
58,Sa Ngalan Ng Pag-Ibig,December Avenue,43132,https://open.spotify.com/track/00mBzIWv5gHOYxwuEJXjOG,2020-04-02
59,I Like Me Better,Lauv,42790,https://open.spotify.com/track/2P91MQbaiQOfbiz9VqhqKQ,2020-04-02
60,Miracle Nights,ALLMO$T,42336,https://open.spotify.com/track/3sWLOFGI7dNN6YBM1m1RKB,2020-04-02
61,Say You Won't Let Go,James Arthur,41964,https://open.spotify.com/track/5uCax9HTNlzGybIStD3vDh,2020-04-02
62,Adore You,Harry Styles,41949,https://open.spotify.com/track/3jjujdWJ72nww5eGnfs2E7,2020-04-02
63,I Don't Care (with Justin Bieber),Ed Sheeran,41272,https://open.spotify.com/track/0hVXuCcriWRGvwMV1r5Yn9,2020-04-02
64,Landas,Magnus Haven,41130,https://open.spotify.com/track/7EoLMCwL7LfLsLF8acLpih,2020-04-02
65,Sanctuary,Joji,40517,https://open.spotify.com/track/3xaugmCyXrVkrDTXbFkMW3,2020-04-02
66,Malibu Nights,LANY,40342,https://open.spotify.com/track/0Eqg0CQ7bK3RQIMPw1A7pl,2020-04-02
67,Roses - Imanbek Remix,SAINt JHN,39934,https://open.spotify.com/track/24Yi9hE78yPEbZ4kxyoXAI,2020-04-02
68,Kahit Ayaw Mo Na,This Band,39592,https://open.spotify.com/track/58grXgbCj7t5ulr0TGLIr9,2020-04-02
69,Beautiful People (feat. Khalid),Ed Sheeran,39389,https://open.spotify.com/track/70eFcWOvlMObDhURTqT4Fv,2020-04-02
70,Huling Sandali (Tayo Sa Huling Buwan Ng Taon Official Soundtrack),December Avenue,39249,https://open.spotify.com/track/24ngpWhBOxKJtIPnzSNX8c,2020-04-02
71,BELIEVE IT,PARTYNEXTDOOR,38877,https://open.spotify.com/track/4HDCLYli2SUdkq9OjmvhSD,2020-04-02
72,Best Part (feat. Daniel Caesar),H.E.R.,38392,https://open.spotify.com/track/4OBZT9EnhYIV17t4pGw7ig,2020-04-02
73,"Patawad, Paalam",Moira Dela Torre,38043,https://open.spotify.com/track/5QJYLlZvfZHX1wUTrgROru,2020-04-02
74,Relationship (feat. Future),Young Thug,37299,https://open.spotify.com/track/25oOaleife6E2MIKmFkPvg,2020-04-02
75,Señorita,Shawn Mendes,37013,https://open.spotify.com/track/6v3KW9xbzN5yKLt9YKDYA2,2020-04-02
76,Tala,Sarah Geronimo,36888,https://open.spotify.com/track/4T7CM071eEoHudiDShZlCJ,2020-04-02
77,Zebbiana,Skusta Clee,35895,https://open.spotify.com/track/6IdEQ3HUseBeRUYFSzSMdL,2020-04-02
78,Ikaw At Ako,Moira Dela Torre,35660,https://open.spotify.com/track/0gDRtumoR9ZrvAlnniToMz,2020-04-02
79,Rainbow,South Border,35440,https://open.spotify.com/track/3ueq4reab02CypseErxvwS,2020-04-02
80,Sunflower - Spider-Man: Into the Spider-Verse,Post Malone,35378,https://open.spotify.com/track/0RiRZpuVRbi7oqRdSMwhQY,2020-04-02
81,Mundo,IV Of Spades,35183,https://open.spotify.com/track/4u8RkgV6P4TLi89SmlUtv8,2020-04-02
82,The Day You Said Goodnight,Hale,34740,https://open.spotify.com/track/0HZ3OUVrGHxttD2EuHqRm3,2020-04-02
83,Forever (feat. Post Malone & Clever),Justin Bieber,34732,https://open.spotify.com/track/2ZlCGeK30BLRNSPC832pNZ,2020-04-02
84,Buwan,juan karlos,34319,https://open.spotify.com/track/5f9808hpiCpuNyqqdXmpF2,2020-04-02
85,Nobela,Join The Club,34150,https://open.spotify.com/track/3vGkyQlCw8LklNip0ZUELC,2020-04-02
86,Fall,Ben&Ben,33042,https://open.spotify.com/track/4SQ3HwsAiGTikY7gOAybwH,2020-04-02
87,lowkey,NIKI,32667,https://open.spotify.com/track/5TTXEcfsYLh6fTarLaevTi,2020-04-02
88,Too Good At Goodbyes,Sam Smith,31693,https://open.spotify.com/track/1mXVgsBdtIVeCLJnSnmtdV,2020-04-02
89,Boy With Luv (feat. Halsey),BTS,31417,https://open.spotify.com/track/5KawlOMHjWeUjQtnuRs22c,2020-04-02
90,Psycho,Red Velvet,31409,https://open.spotify.com/track/3CYH422oy1cZNoo0GTG1TK,2020-04-02
91,Bounty,Ex Battalion,31276,https://open.spotify.com/track/3BNwUaRo3w1teVSkd69sL8,2020-04-02
92,Hindi Na Nga,This Band,31144,https://open.spotify.com/track/2RgD3eO4IIGF16rR8Ch8OV,2020-04-02
93,Skechers,DripReport,31035,https://open.spotify.com/track/2alc8VZAzDgdAsL2QMk3hu,2020-04-02
94,Feelings,Lauv,30504,https://open.spotify.com/track/0s26En1JoJhVj32vizElpA,2020-04-02
95,Tell Me Where It Hurts,MYMP,30481,https://open.spotify.com/track/6C2nrsOlb3jOUGcJAmPrTA,2020-04-02
96,Kung Wala Ka,Hale,30222,https://open.spotify.com/track/4JSDhJVmo2UqdF7nxbyenn,2020-04-02
97,214,Rivermaya,30213,https://open.spotify.com/track/7gZ3kWNtIxFgxjsm5OTVMB,2020-04-02
98,Bakit Ba Ikaw,Michael Pangilinan,30168,https://open.spotify.com/track/0Vmk6Ebk4QBq7r0VAz2a6s,2020-04-02
99,Love Someone,Lukas Graham,30055,https://open.spotify.com/track/0OCRwXbQRdOZ1OtB4Imsp1,2020-04-02
100,Shape of My Heart,Backstreet Boys,30033,https://open.spotify.com/track/35o9a4iAfLl5jRmqMX9c1D,2020-04-02
101,What If I Told You That I Love You,Ali Gatie,29737,https://open.spotify.com/track/3cqPu20DGTGUoZtbJH2Dmi,2020-04-02
102,I Need You More Today,Caleb Santos,29668,https://open.spotify.com/track/761frfZtZ8I2g70UsjFfBK,2020-04-02
103,Hanggang Kailan - Umuwi Ka Na Baby,Orange & Lemons,29370,https://open.spotify.com/track/5UhpceEr5XmbVwyoIUIRnh,2020-04-02
104,Lover,Taylor Swift,29302,https://open.spotify.com/track/1dGr1c8CrMLDpV6mPbImSI,2020-04-02
105,What Am I,Why Don't We,29213,https://open.spotify.com/track/0TMGV2zMZXOILVtQLtkI3G,2020-04-02
106,"fuck, i'm lonely (with Anne-Marie)",Lauv,29082,https://open.spotify.com/track/09PGubKAMryhOWv1LHpCYz,2020-04-02
107,This I Promise You,*NSYNC,29016,https://open.spotify.com/track/46n2EGFnPC3tzWCN1Aqe26,2020-04-02
108,Boss Bitch,Doja Cat,28797,https://open.spotify.com/track/78qd8dvwea0Gosb6Fe6j3k,2020-04-02
109,IDGAF,Dua Lipa,28777,https://open.spotify.com/track/76cy1WJvNGJTj78UqeA5zr,2020-04-02
110,Bulong,December Avenue,28676,https://open.spotify.com/track/5nMKJJ5Rl6X1yn58aVeICO,2020-04-02
111,If the World Was Ending - feat. Julia Michaels,JP Saxe,28672,https://open.spotify.com/track/2kJwzbxV2ppxnQoYw4GLBZ,2020-04-02
112,Lose Control,MEDUZA,28668,https://open.spotify.com/track/7CHi4DtfK4heMlQaudCuHK,2020-04-02
113,Die For You,The Weeknd,28119,https://open.spotify.com/track/2LBqCSwhJGcFQeTHMVGwy3,2020-04-02
114,After Hours,The Weeknd,28105,https://open.spotify.com/track/2p8IUWQDrpjuFltbdgLOag,2020-04-02
115,You Are The Reason,Calum Scott,28102,https://open.spotify.com/track/69vToJ9BMbbLlFZo7k7A7B,2020-04-02
116,Falling,Harry Styles,28086,https://open.spotify.com/track/1ZMiCix7XSAbfAJlEZWMCp,2020-04-02
117,ily (i love you baby) (feat. Emilee),Surf Mesa,27998,https://open.spotify.com/track/62aP9fBQKYKxi7PDXwcUAS,2020-04-02
118,With a Smile,South Border,27896,https://open.spotify.com/track/6XmskR1cMfgys1W7dExmgi,2020-04-02
119,Tattoos Together,Lauv,27854,https://open.spotify.com/track/1Srt81FTalOhRw7t7l8Yh8,2020-04-02
120,Stickwitu,The Pussycat Dolls,27829,https://open.spotify.com/track/2lgz3yy1AyoceOVOOBmiOS,2020-04-02
121,Dahan,December Avenue,27051,https://open.spotify.com/track/6BxJLJw228OY5BFerPGl7z,2020-04-02
122,Like It Is,Kygo,26992,https://open.spotify.com/track/3frUvGrmGcay91lvFbOgsN,2020-04-02
123,ILYSB - STRIPPED,LANY,26961,https://open.spotify.com/track/3Dkvp3L4w0uJFYfIPa8E9H,2020-04-02
124,Rewrite The Stars,Zac Efron,26934,https://open.spotify.com/track/630sXRhIcfwr2e4RdNtjKN,2020-04-02
125,Ride Home,Ben&Ben,26909,https://open.spotify.com/track/1fXHTDYsJiFOjVWITaFp1j,2020-04-02
126,ME! (feat. Brendon Urie of Panic! At The Disco),Taylor Swift,26839,https://open.spotify.com/track/2Rk4JlNc2TPmZe2af99d45,2020-04-02
127,Tagpuan,Moira Dela Torre,26778,https://open.spotify.com/track/0ztDBQdQmdVZvorSmIjMih,2020-04-02
128,Ikaw Lang,Kiyo,26652,https://open.spotify.com/track/2kRjoaqiyeS0Faus5wKztH,2020-04-02
129,Just the Way You Are,Bruno Mars,26535,https://open.spotify.com/track/7BqBn9nzAq8spo5e7cZ0dJ,2020-04-02
130,Someday,Nina,26273,https://open.spotify.com/track/1MkiRsYBkXbXvdiYvTTiQT,2020-04-02
131,Urong Sulong,Alisson Shore,26260,https://open.spotify.com/track/2KoWHNtJrbE0WxWfQjYjyu,2020-04-02
132,She Will Be Loved - Radio Mix,Maroon 5,26210,https://open.spotify.com/track/4llK75pXNWZz6KAho2Gp16,2020-04-02
133,Lover (Remix) [feat. Shawn Mendes],Taylor Swift,26171,https://open.spotify.com/track/3i9UVldZOE0aD0JnyfAZZ0,2020-04-02
134,Titig,MC Einstein,26167,https://open.spotify.com/track/1x8pFCRfBnDqckyB6mlZci,2020-04-02
135,Your Song (My One and Only You),Julie Anne San Jose,26100,https://open.spotify.com/track/5Seh4HfqT1mFnRJQswqz51,2020-04-02
136,bad guy,Billie Eilish,26009,https://open.spotify.com/track/2Fxmhks0bxGSBdJ92vM42m,2020-04-02
137,Neneng B,Nik Makino,26000,https://open.spotify.com/track/0BaMZMMEG7GWrUYsoGw8Yg,2020-04-02
138,Ikaw Lamang,Silent Sanctuary,25697,https://open.spotify.com/track/2v5VIWMjZxeiG52KckiXxS,2020-04-02
139,Tadhana,Up Dharma Down,25640,https://open.spotify.com/track/6NFKf8vBApSvtzkapYmnVR,2020-04-02
140,Lucky,Jason Mraz,25553,https://open.spotify.com/track/2qLMf6TuEC3ruGJg4SMMN6,2020-04-02
141,"Till My Heartaches End - From ""The Significant Other""",KZ Tandingan,25448,https://open.spotify.com/track/4isDU5tDNqFLQ5xQ9NgPmz,2020-04-02
142,Before You Go,Lewis Capaldi,25424,https://open.spotify.com/track/2gMXnyrvIjhVBUZwvLZDMP,2020-04-02
143,Pauwi Nako,PDL,25251,https://open.spotify.com/track/2tzAN1L07SNwnOdgOEeuQr,2020-04-02
144,Weak,Khel Pangilinan,25207,https://open.spotify.com/track/06cUybZMETs4i3yQO1f7p3,2020-04-02
145,Out of My League,Stephen Speaks,25207,https://open.spotify.com/track/2PkQeKapTNUjwpKLf8aJlq,2020-04-02
146,i'm so tired...,Lauv,25112,https://open.spotify.com/track/4vjpLMyL3ZO6aphdYr8XYw,2020-04-02
147,"thank u, next",Ariana Grande,25080,https://open.spotify.com/track/3e9HZxeyfWwjeyPAMmWSSQ,2020-04-02
148,Balang Araw,I Belong to the Zoo,25049,https://open.spotify.com/track/5NXdUJ3Z2jhlp2u1cj6f7m,2020-04-02
149,I Love Me,Demi Lovato,24878,https://open.spotify.com/track/2IHLaN6wwYKQ3S24NsQqpA,2020-04-02
150,Beautiful (feat. Camila Cabello),Bazzi,24815,https://open.spotify.com/track/4VUwkH455At9kENOfzTqmF,2020-04-02
151,You're Still The One,Shania Twain,24736,https://open.spotify.com/track/6sU3YUz0Ld3OPFmrnxlpzD,2020-04-02
152,You And Me,Lifehouse,24571,https://open.spotify.com/track/0815caqt2Lytro5EIzMufT,2020-04-02
153,To Die For,Sam Smith,24532,https://open.spotify.com/track/2ZTYlnhhV1UAReg7wIGolx,2020-04-02
154,Lose You To Love Me,Selena Gomez,24525,https://open.spotify.com/track/4l0Mvzj72xxOpRrp6h8nHi,2020-04-02
155,If I Can't Have You,Shawn Mendes,24301,https://open.spotify.com/track/2bT1PH7Cw3J9p3t7nlXCdh,2020-04-02
156,I'm Yours,Jason Mraz,24190,https://open.spotify.com/track/3S0OXQeoh0w6AY8WQVckRW,2020-04-02
157,Without Me,Halsey,24073,https://open.spotify.com/track/6FZDfxM3a3UCqtzo5pxSLZ,2020-04-02
158,Before I Let You Go,Freestyle,24021,https://open.spotify.com/track/5T8bLnWG8sg9ER8RKNZbCB,2020-04-02
159,Goodbyes (Feat. Young Thug),Post Malone,23969,https://open.spotify.com/track/6vBdBCoOhKHiYDDOcorfNo,2020-04-02
160,Repeat,Al James,23948,https://open.spotify.com/track/011GTFfE8rqTRMhz5g8IAW,2020-04-02
161,Feel Special,TWICE,23940,https://open.spotify.com/track/14rWuS6yllHOdfZ8sZsZUj,2020-04-02
162,The Weekend - Funk Wav Remix,SZA,23881,https://open.spotify.com/track/0P6AWOA4LG1XOctzaVu5tt,2020-04-02
163,Kahit Di Mo Alam,December Avenue,23879,https://open.spotify.com/track/6GIzDc4xBUeYHwubWwTrhC,2020-04-02
164,It Might Be You - Theme from Everyday I Love You,Michael Pangilinan,23611,https://open.spotify.com/track/4FdQYoWFym37QDQ2GkEHi1,2020-04-02
165,Shallow,Lady Gaga,23577,https://open.spotify.com/track/2VxeLyX666F8uXCJ0dZF8B,2020-04-02
166,ON,BTS,23530,https://open.spotify.com/track/2QyuXBcV1LJ2rq01KhreMF,2020-04-02
167,Demonyo,juan karlos,23489,https://open.spotify.com/track/1WXs4O7mBxXglHJPwYweHq,2020-04-02
168,So Sick,Ne-Yo,23439,https://open.spotify.com/track/6brl7bwOHmGFkNw3MBqssT,2020-04-02
169,Dating Tayo,TJ Monterde,23415,https://open.spotify.com/track/267RumTt5KeLBGl2KWxBL0,2020-04-02
170,Oceans (Where Feet May Fail),Hillsong UNITED,23163,https://open.spotify.com/track/5Mw9bXG1dLNhbjofkVS2oR,2020-04-02
171,Perfect,Ed Sheeran,23157,https://open.spotify.com/track/0tgVpDi06FyKpA1z0VMD4v,2020-04-02
172,Normalan,Shanti Dope,23047,https://open.spotify.com/track/2ctqjxISMsrkCg7YdGkECu,2020-04-02
173,Magbalik,Callalily,22999,https://open.spotify.com/track/5zMR44ZH4KVZj4FlhTj3SE,2020-04-02
174,Never Really Over,Katy Perry,22957,https://open.spotify.com/track/5PYQUBXc7NYeI1obMKSJK0,2020-04-02
175,Godzilla (feat. Juice WRLD),Eminem,22859,https://open.spotify.com/track/7FIWs0pqAYbP91WWM0vlTQ,2020-04-02
176,Dantay,Kiyo,22824,https://open.spotify.com/track/7tQ2P3dP76bj1aSEfe8StO,2020-04-02
177,The Man,Taylor Swift,22728,https://open.spotify.com/track/3RauEVgRgj1IuWdJ9fDs70,2020-04-02
178,I Want It That Way,Backstreet Boys,22598,https://open.spotify.com/track/47BBI51FKFwOMlIiX6m8ya,2020-04-02
179,Beautiful Soul,Jesse McCartney,22565,https://open.spotify.com/track/1HwpWwa6bnqqRhK8agG4RS,2020-04-02
180,Ang Huling El Bimbo,Eraserheads,22444,https://open.spotify.com/track/135ggzbjOogZ75IQ0LQi8r,2020-04-02
181,Migraine,Moonstar88,22404,https://open.spotify.com/track/7sW3f7PqDV7BQ7qqeVBJIA,2020-04-02
182,Ex,Callalily,22395,https://open.spotify.com/track/0GHwNr0lqf8jpc9wesmnHo,2020-04-02
183,Bagay Tayo,ALLMO$T,22372,https://open.spotify.com/track/2mwd0LWLBgtQBEOLG96nbU,2020-04-02
184,Mabagal,Daniel Padilla,22335,https://open.spotify.com/track/4wJ5SjIkViEQEu95U8oyLt,2020-04-02
185,Modern Loneliness,Lauv,22157,https://open.spotify.com/track/1eyek0KJEh2v5HQ9uQSybb,2020-04-02
186,Know Your Worth,Khalid,21781,https://open.spotify.com/track/0TrPqhAMoaKUFLR7iYDokf,2020-04-02
187,"Halik Sa Hangin - From ""The Killer Bride""",KZ Tandingan,21766,https://open.spotify.com/track/77iVPjxBy9Q3GgOxVE1UUA,2020-04-02
188,Lexi,Nik Makino,21750,https://open.spotify.com/track/5LZqOdfYUXunyhHmPqGI6j,2020-04-02
189,Patawad,Moira Dela Torre,21733,https://open.spotify.com/track/6tw7xpKrZm9vHfymxBc52E,2020-04-02
190,Fall for You (Acoustic),Secondhand Serenade,21731,https://open.spotify.com/track/5V7mTIcXVU9k2JNu0mE6vy,2020-04-02
191,When You Say Nothing At All,Ronan Keating,21602,https://open.spotify.com/track/0gcjc7Vt5xtcfmJgf6g2IO,2020-04-02
192,All Out Of Love,Air Supply,21602,https://open.spotify.com/track/3bbqxv8GN3RhaPnrWxFbmP,2020-04-02
193,Dancing With A Stranger (with Normani),Sam Smith,21509,https://open.spotify.com/track/6Qs4SXO9dwPj5GKvVOv8Ki,2020-04-02
194,Thick And Thin,LANY,21500,https://open.spotify.com/track/3D110t9ctcoOoylXsc3iR8,2020-04-02
195,Stupid Love,Lady Gaga,21446,https://open.spotify.com/track/2kJu14V7hbZw3I4K8L8SXb,2020-04-02
196,Girls Like You (feat. Cardi B),Maroon 5,21420,https://open.spotify.com/track/7fa9MBXhVfQ8P8Df9OEbD8,2020-04-02
197,Photograph,Ed Sheeran,21210,https://open.spotify.com/track/6fxVffaTuwjgEk5h9QyRjy,2020-04-02
198,True,Ryan Cabrera,21200,https://open.spotify.com/track/0jdeV5dSB3kUBRqe1xQJbh,2020-04-02
199,How Do You Sleep?,Sam Smith,21167,https://open.spotify.com/track/6b2RcmUt1g9N9mQ3CbjX2Y,2020-04-02
200,Kill This Love,BLACKPINK,21149,https://open.spotify.com/track/4pUCKHjJ4Ijewc37rRrvHn,2020-04-02
1,Intentions (feat. Quavo),Justin Bieber,209037,https://open.spotify.com/track/4umIPjkehX1r7uhmGvXiSV,2020-04-03
2,Don't Start Now,Dua Lipa,202635,https://open.spotify.com/track/3PfIrDoz19wz7qK7tYeu62,2020-04-03
3,Sunday Best,Surfaces,170044,https://open.spotify.com/track/1Cv1YLb4q0RzL6pybtaMLo,2020-04-03
4,death bed (coffee for your head) (feat. beabadoobee),Powfu,163830,https://open.spotify.com/track/7eJMfftS33KTjuF7lTsMCx,2020-04-03
5,Imahe,Magnus Haven,156909,https://open.spotify.com/track/65sEZZaxTjLMD8vNgPoMz5,2020-04-03
6,Make It With You,Ben&Ben,149721,https://open.spotify.com/track/2Mo4pOpCYXOu33856sMQLh,2020-04-03
7,Dance Monkey,Tones And I,136714,https://open.spotify.com/track/1rgnBhdG2JDFTbYkYRZAku,2020-04-03
8,Pagtingin,Ben&Ben,134141,https://open.spotify.com/track/5l9g7py8RCblcvbZgGQgSd,2020-04-03
9,Teka Lang,Emman,129959,https://open.spotify.com/track/47UUjZbqZjcrzELnFBB1Ht,2020-04-03
10,Someone You Loved,Lewis Capaldi,129232,https://open.spotify.com/track/7qEHsqek33rTcFNT9PFqLf,2020-04-03
11,Like That (feat. Gucci Mane),Doja Cat,126212,https://open.spotify.com/track/4EivmOT13NMpNSfTKn9p4s,2020-04-03
12,"10,000 Hours (with Justin Bieber)",Dan + Shay,125317,https://open.spotify.com/track/2wrJq5XKLnmhRXHIAf9xBa,2020-04-03
13,Say So,Doja Cat,124663,https://open.spotify.com/track/3Dv1eDb0MEgF93GpLXlucZ,2020-04-03
14,Sa Susunod na Habang Buhay,Ben&Ben,117664,https://open.spotify.com/track/3PgjBOoA5OytNGkglObpOd,2020-04-03
15,Hindi Tayo Pwede,The Juans,114847,https://open.spotify.com/track/6VqZS3Wmf53pbfDBVEYvnP,2020-04-03
16,Circles,Post Malone,112301,https://open.spotify.com/track/21jGcNKet2qwijlDFuPiPb,2020-04-03
17,Supalonely,BENEE,111431,https://open.spotify.com/track/4nK5YrxbMGZstTLbvj6Gxw,2020-04-03
18,Memories,Maroon 5,111390,https://open.spotify.com/track/2b8fOow8UzyDFAE27YhOZM,2020-04-03
19,Falling,Trevor Daniel,104570,https://open.spotify.com/track/2rRJrJEo19S2J82BDsQ3F7,2020-04-03
20,Vibe With Me,Matthaios,103375,https://open.spotify.com/track/0G5qmu4TsdUH19zdcbI9Ui,2020-04-03
21,Yummy,Justin Bieber,101194,https://open.spotify.com/track/16wAOAZ2OkqoIDN7TpChjR,2020-04-03
22,Break My Heart,Dua Lipa,99608,https://open.spotify.com/track/017PF4Q3l4DBUiWoXk4OWT,2020-04-03
23,Araw-Araw Love,Flow G,98571,https://open.spotify.com/track/1x7DysraeqSgVgj95hHc3U,2020-04-03
24,Masyado Pang Maaga,Ben&Ben,97554,https://open.spotify.com/track/0luyrm1L6gjtoLekHOf67t,2020-04-03
25,Yellow Hearts,Ant Saunders,94094,https://open.spotify.com/track/2W4yABdLc4Jnds67Poi5Nl,2020-04-03
26,ROXANNE,Arizona Zervas,93414,https://open.spotify.com/track/696DnlkuDOXcMAnKlTgXXK,2020-04-03
27,Blinding Lights,The Weeknd,92945,https://open.spotify.com/track/0VjIjW4GlUZAMYd2vXMi3b,2020-04-03
28,Make You Mine,PUBLIC,90640,https://open.spotify.com/track/5iFwAOB2TFkPJk8sMlxP8g,2020-04-03
29,The Box,Roddy Ricch,89533,https://open.spotify.com/track/0nbXyq5TXYPCO7pr3N8S4I,2020-04-03
30,Kathang Isip,Ben&Ben,86469,https://open.spotify.com/track/3WUEs51GpcvlgU7lehLgLh,2020-04-03
31,Malayo Ka Man,Jr Crown,85551,https://open.spotify.com/track/3R6Hl2e7hAyCfofRRToKAo,2020-04-03
32,Beautiful Scars,Maximillian,84709,https://open.spotify.com/track/0iw0EuzmMKMYvZuQYW8DBA,2020-04-03
33,Mean It,Lauv,79703,https://open.spotify.com/track/3uc8AGNL0KbvISIrjnfRvN,2020-04-03
34,Catriona,Matthaios,78647,https://open.spotify.com/track/4YMfE4r1JWADFw2Fn74XW2,2020-04-03
35,Maybe The Night,Ben&Ben,76967,https://open.spotify.com/track/1yDiru08Q6omDOGkZMPnei,2020-04-03
36,I Want You Back,Matthaios,76563,https://open.spotify.com/track/5jLUKFlEJzOf6b6PCaohFI,2020-04-03
37,Can We Kiss Forever?,Kina,74978,https://open.spotify.com/track/58wyJLv6yH1La9NIZPl3ne,2020-04-03
38,Ivana,Soulstice,74873,https://open.spotify.com/track/54b8IPvheXDpro2VR2rWAS,2020-04-03
39,Paalam,Moira Dela Torre,72631,https://open.spotify.com/track/6D9DwqiHiMKmy2V7HvN6zs,2020-04-03
40,Araw-Araw,Ben&Ben,71395,https://open.spotify.com/track/4rG3h1QwgjSSWz8EIjCFrm,2020-04-03
41,It's You,Ali Gatie,69729,https://open.spotify.com/track/5DqdesEfbRyOlSS3Tf6c29,2020-04-03
42,In Your Eyes,The Weeknd,69421,https://open.spotify.com/track/7szuecWAPwGoV1e5vGu8tl,2020-04-03
43,Savage,Megan Thee Stallion,67207,https://open.spotify.com/track/55CHeLEfn5iJ0IIkgaa4si,2020-04-03
44,WANNABE,ITZY,66685,https://open.spotify.com/track/6tCssnvTUREcperDOUTqvA,2020-04-03
45,I.F.L.Y.,Bazzi,65023,https://open.spotify.com/track/4a6q8CR2hzLk2plDkSxkfD,2020-04-03
46,Sana,I Belong to the Zoo,64599,https://open.spotify.com/track/1X4l4i472kW5ofFP8Xo0x0,2020-04-03
47,"always, i'll care",Jeremy Zucker,64192,https://open.spotify.com/track/1LdS1ULS9e18oW3M2C1MUj,2020-04-03
48,Get You The Moon (feat. Snøw),Kina,63435,https://open.spotify.com/track/4ZLzoOkj0MPWrTLvooIuaa,2020-04-03
49,Leaves,Ben&Ben,60001,https://open.spotify.com/track/6wdCelHrPh7UfliNjwRTUv,2020-04-03
50,Kung 'Di Rin Lang Ikaw,December Avenue,57037,https://open.spotify.com/track/2BgD4nRyx9EZ5o8YEnjRSV,2020-04-03
51,Blueberry Faygo,Lil Mosey,56411,https://open.spotify.com/track/22LAwLoDA5b4AaGSkg6bKW,2020-04-03
52,comethru,Jeremy Zucker,51789,https://open.spotify.com/track/18uwL0vNUanqZH0ro2QcOP,2020-04-03
53,Toosie Slide,Drake,49797,https://open.spotify.com/track/127QTOFJsJQp5LbJbu3A1y,2020-04-03
54,Binalewala - Original Version,Michael Dutchi Libranda,43908,https://open.spotify.com/track/2tR5liucorXRwduxr0qEx6,2020-04-03
55,2002,Anne-Marie,43682,https://open.spotify.com/track/2BgEsaKNfHUdlh97KmvFyo,2020-04-03
56,Your Song,Parokya Ni Edgar,42612,https://open.spotify.com/track/3OpGUlDmRUXh0NkIYWoIlD,2020-04-03
57,Physical,Dua Lipa,42310,https://open.spotify.com/track/3AzjcOeAmA57TIOr9zF1ZW,2020-04-03
58,Landas,Magnus Haven,40166,https://open.spotify.com/track/7EoLMCwL7LfLsLF8acLpih,2020-04-03
59,I Like Me Better,Lauv,40109,https://open.spotify.com/track/2P91MQbaiQOfbiz9VqhqKQ,2020-04-03
60,Say You Won't Let Go,James Arthur,40026,https://open.spotify.com/track/5uCax9HTNlzGybIStD3vDh,2020-04-03
61,Sa Ngalan Ng Pag-Ibig,December Avenue,39575,https://open.spotify.com/track/00mBzIWv5gHOYxwuEJXjOG,2020-04-03
62,Miracle Nights,ALLMO$T,39038,https://open.spotify.com/track/3sWLOFGI7dNN6YBM1m1RKB,2020-04-03
63,Adore You,Harry Styles,38899,https://open.spotify.com/track/3jjujdWJ72nww5eGnfs2E7,2020-04-03
64,Roses - Imanbek Remix,SAINt JHN,38809,https://open.spotify.com/track/24Yi9hE78yPEbZ4kxyoXAI,2020-04-03
65,BELIEVE IT,PARTYNEXTDOOR,38292,https://open.spotify.com/track/4HDCLYli2SUdkq9OjmvhSD,2020-04-03
66,Sa Susunod Na Lang,PDL,37981,https://open.spotify.com/track/34ob61cxp34Sf7KHK6RnSU,2020-04-03
67,Malibu Nights,LANY,37652,https://open.spotify.com/track/0Eqg0CQ7bK3RQIMPw1A7pl,2020-04-03
68,Kahit Ayaw Mo Na,This Band,37448,https://open.spotify.com/track/58grXgbCj7t5ulr0TGLIr9,2020-04-03
69,I Don't Care (with Justin Bieber),Ed Sheeran,37417,https://open.spotify.com/track/0hVXuCcriWRGvwMV1r5Yn9,2020-04-03
70,Beautiful People (feat. Khalid),Ed Sheeran,37214,https://open.spotify.com/track/70eFcWOvlMObDhURTqT4Fv,2020-04-03
71,Huling Sandali (Tayo Sa Huling Buwan Ng Taon Official Soundtrack),December Avenue,36805,https://open.spotify.com/track/24ngpWhBOxKJtIPnzSNX8c,2020-04-03
72,Señorita,Shawn Mendes,35828,https://open.spotify.com/track/6v3KW9xbzN5yKLt9YKDYA2,2020-04-03
73,Best Part (feat. Daniel Caesar),H.E.R.,35701,https://open.spotify.com/track/4OBZT9EnhYIV17t4pGw7ig,2020-04-03
74,Relationship (feat. Future),Young Thug,35485,https://open.spotify.com/track/25oOaleife6E2MIKmFkPvg,2020-04-03
75,"Patawad, Paalam",Moira Dela Torre,35256,https://open.spotify.com/track/5QJYLlZvfZHX1wUTrgROru,2020-04-03
76,Tala,Sarah Geronimo,34158,https://open.spotify.com/track/4T7CM071eEoHudiDShZlCJ,2020-04-03
77,Rainbow,South Border,33965,https://open.spotify.com/track/3ueq4reab02CypseErxvwS,2020-04-03
78,The Day You Said Goodnight,Hale,33614,https://open.spotify.com/track/0HZ3OUVrGHxttD2EuHqRm3,2020-04-03
79,Ikaw At Ako,Moira Dela Torre,33576,https://open.spotify.com/track/0gDRtumoR9ZrvAlnniToMz,2020-04-03
80,Zebbiana,Skusta Clee,33522,https://open.spotify.com/track/6IdEQ3HUseBeRUYFSzSMdL,2020-04-03
81,Sunflower - Spider-Man: Into the Spider-Verse,Post Malone,33183,https://open.spotify.com/track/0RiRZpuVRbi7oqRdSMwhQY,2020-04-03
82,Sanctuary,Joji,32928,https://open.spotify.com/track/3xaugmCyXrVkrDTXbFkMW3,2020-04-03
83,Mundo,IV Of Spades,32611,https://open.spotify.com/track/4u8RkgV6P4TLi89SmlUtv8,2020-04-03
84,Nobela,Join The Club,31963,https://open.spotify.com/track/3vGkyQlCw8LklNip0ZUELC,2020-04-03
85,Forever (feat. Post Malone & Clever),Justin Bieber,31859,https://open.spotify.com/track/2ZlCGeK30BLRNSPC832pNZ,2020-04-03
86,Buwan,juan karlos,31696,https://open.spotify.com/track/5f9808hpiCpuNyqqdXmpF2,2020-04-03
87,Psycho,Red Velvet,31101,https://open.spotify.com/track/3CYH422oy1cZNoo0GTG1TK,2020-04-03
88,Hindi Na Nga,This Band,30442,https://open.spotify.com/track/2RgD3eO4IIGF16rR8Ch8OV,2020-04-03
89,Skechers,DripReport,30078,https://open.spotify.com/track/2alc8VZAzDgdAsL2QMk3hu,2020-04-03
90,Boy With Luv (feat. Halsey),BTS,30075,https://open.spotify.com/track/5KawlOMHjWeUjQtnuRs22c,2020-04-03
91,Boss Bitch,Doja Cat,29976,https://open.spotify.com/track/78qd8dvwea0Gosb6Fe6j3k,2020-04-03
92,Fall,Ben&Ben,29968,https://open.spotify.com/track/4SQ3HwsAiGTikY7gOAybwH,2020-04-03
93,Bounty,Ex Battalion,29831,https://open.spotify.com/track/3BNwUaRo3w1teVSkd69sL8,2020-04-03
94,Too Good At Goodbyes,Sam Smith,29295,https://open.spotify.com/track/1mXVgsBdtIVeCLJnSnmtdV,2020-04-03
95,Shape of My Heart,Backstreet Boys,29076,https://open.spotify.com/track/35o9a4iAfLl5jRmqMX9c1D,2020-04-03
96,Kung Wala Ka,Hale,28780,https://open.spotify.com/track/4JSDhJVmo2UqdF7nxbyenn,2020-04-03
97,214,Rivermaya,28662,https://open.spotify.com/track/7gZ3kWNtIxFgxjsm5OTVMB,2020-04-03
98,Tell Me Where It Hurts,MYMP,28525,https://open.spotify.com/track/6C2nrsOlb3jOUGcJAmPrTA,2020-04-03
99,Feelings,Lauv,28481,https://open.spotify.com/track/0s26En1JoJhVj32vizElpA,2020-04-03
100,lowkey,NIKI,28282,https://open.spotify.com/track/5TTXEcfsYLh6fTarLaevTi,2020-04-03
101,Love Someone,Lukas Graham,28192,https://open.spotify.com/track/0OCRwXbQRdOZ1OtB4Imsp1,2020-04-03
102,Bakit Ba Ikaw,Michael Pangilinan,28190,https://open.spotify.com/track/0Vmk6Ebk4QBq7r0VAz2a6s,2020-04-03
103,What If I Told You That I Love You,Ali Gatie,28069,https://open.spotify.com/track/3cqPu20DGTGUoZtbJH2Dmi,2020-04-03
104,ily (i love you baby) (feat. Emilee),Surf Mesa,27880,https://open.spotify.com/track/62aP9fBQKYKxi7PDXwcUAS,2020-04-03
105,Hanggang Kailan - Umuwi Ka Na Baby,Orange & Lemons,27674,https://open.spotify.com/track/5UhpceEr5XmbVwyoIUIRnh,2020-04-03
106,I Need You More Today,Caleb Santos,27660,https://open.spotify.com/track/761frfZtZ8I2g70UsjFfBK,2020-04-03
107,Lover,Taylor Swift,27411,https://open.spotify.com/track/1dGr1c8CrMLDpV6mPbImSI,2020-04-03
108,With a Smile,South Border,27324,https://open.spotify.com/track/6XmskR1cMfgys1W7dExmgi,2020-04-03
109,This I Promise You,*NSYNC,27296,https://open.spotify.com/track/46n2EGFnPC3tzWCN1Aqe26,2020-04-03
110,What Am I,Why Don't We,27264,https://open.spotify.com/track/0TMGV2zMZXOILVtQLtkI3G,2020-04-03
111,Bulong,December Avenue,27261,https://open.spotify.com/track/5nMKJJ5Rl6X1yn58aVeICO,2020-04-03
112,Lose Control,MEDUZA,27222,https://open.spotify.com/track/7CHi4DtfK4heMlQaudCuHK,2020-04-03
113,If the World Was Ending - feat. Julia Michaels,JP Saxe,27181,https://open.spotify.com/track/2kJwzbxV2ppxnQoYw4GLBZ,2020-04-03
114,"fuck, i'm lonely (with Anne-Marie)",Lauv,27177,https://open.spotify.com/track/09PGubKAMryhOWv1LHpCYz,2020-04-03
115,Bella Ciao - Música Original de la Serie la Casa de Papel/ Money Heist,Manu Pilas,26357,https://open.spotify.com/track/3lWzVNe1yFZlkeBBzUuZYu,2020-04-03
116,You Are The Reason,Calum Scott,26037,https://open.spotify.com/track/69vToJ9BMbbLlFZo7k7A7B,2020-04-03
117,Just the Way You Are,Bruno Mars,26015,https://open.spotify.com/track/7BqBn9nzAq8spo5e7cZ0dJ,2020-04-03
118,Dahan,December Avenue,25776,https://open.spotify.com/track/6BxJLJw228OY5BFerPGl7z,2020-04-03
119,After Hours,The Weeknd,25744,https://open.spotify.com/track/2p8IUWQDrpjuFltbdgLOag,2020-04-03
120,Falling,Harry Styles,25729,https://open.spotify.com/track/1ZMiCix7XSAbfAJlEZWMCp,2020-04-03
121,Die For You,The Weeknd,25605,https://open.spotify.com/track/2LBqCSwhJGcFQeTHMVGwy3,2020-04-03
122,Ikaw Lamang,Silent Sanctuary,25549,https://open.spotify.com/track/2v5VIWMjZxeiG52KckiXxS,2020-04-03
123,Stickwitu,The Pussycat Dolls,25526,https://open.spotify.com/track/2lgz3yy1AyoceOVOOBmiOS,2020-04-03
124,Tagpuan,Moira Dela Torre,25484,https://open.spotify.com/track/0ztDBQdQmdVZvorSmIjMih,2020-04-03
125,IDGAF,Dua Lipa,25477,https://open.spotify.com/track/76cy1WJvNGJTj78UqeA5zr,2020-04-03
126,ME! (feat. Brendon Urie of Panic! At The Disco),Taylor Swift,25443,https://open.spotify.com/track/2Rk4JlNc2TPmZe2af99d45,2020-04-03
127,Tattoos Together,Lauv,25439,https://open.spotify.com/track/1Srt81FTalOhRw7t7l8Yh8,2020-04-03
128,Rewrite The Stars,Zac Efron,25406,https://open.spotify.com/track/630sXRhIcfwr2e4RdNtjKN,2020-04-03
129,Like It Is,Kygo,25253,https://open.spotify.com/track/3frUvGrmGcay91lvFbOgsN,2020-04-03
130,bad guy,Billie Eilish,25089,https://open.spotify.com/track/2Fxmhks0bxGSBdJ92vM42m,2020-04-03
131,She Will Be Loved - Radio Mix,Maroon 5,25022,https://open.spotify.com/track/4llK75pXNWZz6KAho2Gp16,2020-04-03
132,Ikaw Lang,Kiyo,24969,https://open.spotify.com/track/2kRjoaqiyeS0Faus5wKztH,2020-04-03
133,Your Song (My One and Only You),Julie Anne San Jose,24845,https://open.spotify.com/track/5Seh4HfqT1mFnRJQswqz51,2020-04-03
134,Titig,MC Einstein,24839,https://open.spotify.com/track/1x8pFCRfBnDqckyB6mlZci,2020-04-03
135,Someday,Nina,24815,https://open.spotify.com/track/1MkiRsYBkXbXvdiYvTTiQT,2020-04-03
136,Ride Home,Ben&Ben,24667,https://open.spotify.com/track/1fXHTDYsJiFOjVWITaFp1j,2020-04-03
137,Urong Sulong,Alisson Shore,24643,https://open.spotify.com/track/2KoWHNtJrbE0WxWfQjYjyu,2020-04-03
138,Neneng B,Nik Makino,24621,https://open.spotify.com/track/0BaMZMMEG7GWrUYsoGw8Yg,2020-04-03
139,ILYSB - STRIPPED,LANY,24558,https://open.spotify.com/track/3Dkvp3L4w0uJFYfIPa8E9H,2020-04-03
140,"Till My Heartaches End - From ""The Significant Other""",KZ Tandingan,24287,https://open.spotify.com/track/4isDU5tDNqFLQ5xQ9NgPmz,2020-04-03
141,Balang Araw,I Belong to the Zoo,24101,https://open.spotify.com/track/5NXdUJ3Z2jhlp2u1cj6f7m,2020-04-03
142,You're Still The One,Shania Twain,24092,https://open.spotify.com/track/6sU3YUz0Ld3OPFmrnxlpzD,2020-04-03
143,Out of My League,Stephen Speaks,24084,https://open.spotify.com/track/2PkQeKapTNUjwpKLf8aJlq,2020-04-03
144,"thank u, next",Ariana Grande,24068,https://open.spotify.com/track/3e9HZxeyfWwjeyPAMmWSSQ,2020-04-03
145,Before You Go,Lewis Capaldi,23987,https://open.spotify.com/track/2gMXnyrvIjhVBUZwvLZDMP,2020-04-03
146,Tadhana,Up Dharma Down,23949,https://open.spotify.com/track/6NFKf8vBApSvtzkapYmnVR,2020-04-03
147,Without Me,Halsey,23825,https://open.spotify.com/track/6FZDfxM3a3UCqtzo5pxSLZ,2020-04-03
148,Lucky,Jason Mraz,23504,https://open.spotify.com/track/2qLMf6TuEC3ruGJg4SMMN6,2020-04-03
149,Weak,Khel Pangilinan,23503,https://open.spotify.com/track/06cUybZMETs4i3yQO1f7p3,2020-04-03
150,i'm so tired...,Lauv,23473,https://open.spotify.com/track/4vjpLMyL3ZO6aphdYr8XYw,2020-04-03
151,Pauwi Nako,PDL,23472,https://open.spotify.com/track/2tzAN1L07SNwnOdgOEeuQr,2020-04-03
152,Before I Let You Go,Freestyle,23379,https://open.spotify.com/track/5T8bLnWG8sg9ER8RKNZbCB,2020-04-03
153,If I Can't Have You,Shawn Mendes,23346,https://open.spotify.com/track/2bT1PH7Cw3J9p3t7nlXCdh,2020-04-03
154,You And Me,Lifehouse,23311,https://open.spotify.com/track/0815caqt2Lytro5EIzMufT,2020-04-03
155,Lose You To Love Me,Selena Gomez,23165,https://open.spotify.com/track/4l0Mvzj72xxOpRrp6h8nHi,2020-04-03
156,Never Really Over,Katy Perry,22801,https://open.spotify.com/track/5PYQUBXc7NYeI1obMKSJK0,2020-04-03
157,The Weekend - Funk Wav Remix,SZA,22759,https://open.spotify.com/track/0P6AWOA4LG1XOctzaVu5tt,2020-04-03
158,I'm Yours,Jason Mraz,22758,https://open.spotify.com/track/3S0OXQeoh0w6AY8WQVckRW,2020-04-03
159,Beautiful (feat. Camila Cabello),Bazzi,22675,https://open.spotify.com/track/4VUwkH455At9kENOfzTqmF,2020-04-03
160,Feel Special,TWICE,22652,https://open.spotify.com/track/14rWuS6yllHOdfZ8sZsZUj,2020-04-03
161,Kahit Di Mo Alam,December Avenue,22628,https://open.spotify.com/track/6GIzDc4xBUeYHwubWwTrhC,2020-04-03
162,It Might Be You - Theme from Everyday I Love You,Michael Pangilinan,22361,https://open.spotify.com/track/4FdQYoWFym37QDQ2GkEHi1,2020-04-03
163,Dating Tayo,TJ Monterde,22287,https://open.spotify.com/track/267RumTt5KeLBGl2KWxBL0,2020-04-03
164,Shallow,Lady Gaga,22239,https://open.spotify.com/track/2VxeLyX666F8uXCJ0dZF8B,2020-04-03
165,Young & Alive,Bazzi,22185,https://open.spotify.com/track/5RsKelNxucrDxgMbZ3vd3W,2020-04-03
166,Goodbyes (Feat. Young Thug),Post Malone,22112,https://open.spotify.com/track/6vBdBCoOhKHiYDDOcorfNo,2020-04-03
167,So Sick,Ne-Yo,22097,https://open.spotify.com/track/6brl7bwOHmGFkNw3MBqssT,2020-04-03
168,ON,BTS,22056,https://open.spotify.com/track/2QyuXBcV1LJ2rq01KhreMF,2020-04-03
169,Ang Huling El Bimbo,Eraserheads,21989,https://open.spotify.com/track/135ggzbjOogZ75IQ0LQi8r,2020-04-03
170,Demonyo,juan karlos,21934,https://open.spotify.com/track/1WXs4O7mBxXglHJPwYweHq,2020-04-03
171,Lover (Remix) [feat. Shawn Mendes],Taylor Swift,21916,https://open.spotify.com/track/3i9UVldZOE0aD0JnyfAZZ0,2020-04-03
172,The Man,Taylor Swift,21916,https://open.spotify.com/track/3RauEVgRgj1IuWdJ9fDs70,2020-04-03
173,Migraine,Moonstar88,21859,https://open.spotify.com/track/7sW3f7PqDV7BQ7qqeVBJIA,2020-04-03
174,Oceans (Where Feet May Fail),Hillsong UNITED,21824,https://open.spotify.com/track/5Mw9bXG1dLNhbjofkVS2oR,2020-04-03
175,Perfect,Ed Sheeran,21810,https://open.spotify.com/track/0tgVpDi06FyKpA1z0VMD4v,2020-04-03
176,Magbalik,Callalily,21794,https://open.spotify.com/track/5zMR44ZH4KVZj4FlhTj3SE,2020-04-03
177,Godzilla (feat. Juice WRLD),Eminem,21738,https://open.spotify.com/track/7FIWs0pqAYbP91WWM0vlTQ,2020-04-03
178,Normalan,Shanti Dope,21680,https://open.spotify.com/track/2ctqjxISMsrkCg7YdGkECu,2020-04-03
179,Mabagal,Daniel Padilla,21657,https://open.spotify.com/track/4wJ5SjIkViEQEu95U8oyLt,2020-04-03
180,Bagay Tayo,ALLMO$T,21548,https://open.spotify.com/track/2mwd0LWLBgtQBEOLG96nbU,2020-04-03
181,Beautiful Soul,Jesse McCartney,21505,https://open.spotify.com/track/1HwpWwa6bnqqRhK8agG4RS,2020-04-03
182,Repeat,Al James,21501,https://open.spotify.com/track/011GTFfE8rqTRMhz5g8IAW,2020-04-03
183,I Love Me,Demi Lovato,21450,https://open.spotify.com/track/2IHLaN6wwYKQ3S24NsQqpA,2020-04-03
184,Dantay,Kiyo,21409,https://open.spotify.com/track/7tQ2P3dP76bj1aSEfe8StO,2020-04-03
185,I Want It That Way,Backstreet Boys,21307,https://open.spotify.com/track/47BBI51FKFwOMlIiX6m8ya,2020-04-03
186,Ex,Callalily,20931,https://open.spotify.com/track/0GHwNr0lqf8jpc9wesmnHo,2020-04-03
187,Dancing With A Stranger (with Normani),Sam Smith,20813,https://open.spotify.com/track/6Qs4SXO9dwPj5GKvVOv8Ki,2020-04-03
188,Lexi,Nik Makino,20685,https://open.spotify.com/track/5LZqOdfYUXunyhHmPqGI6j,2020-04-03
189,Kill This Love,BLACKPINK,20536,https://open.spotify.com/track/4pUCKHjJ4Ijewc37rRrvHn,2020-04-03
190,All Out Of Love,Air Supply,20472,https://open.spotify.com/track/3bbqxv8GN3RhaPnrWxFbmP,2020-04-03
191,Fall for You (Acoustic),Secondhand Serenade,20453,https://open.spotify.com/track/5V7mTIcXVU9k2JNu0mE6vy,2020-04-03
192,Take A Bow,Rihanna,20434,https://open.spotify.com/track/39afswHs17v53znQm1gDTY,2020-04-03
193,How Deep Is Your Love,Bee Gees,20421,https://open.spotify.com/track/2JoZzpdeP2G6Csfdq5aLXP,2020-04-03
194,Patawad,Moira Dela Torre,20394,https://open.spotify.com/track/6tw7xpKrZm9vHfymxBc52E,2020-04-03
195,When You Say Nothing At All,Ronan Keating,20344,https://open.spotify.com/track/0gcjc7Vt5xtcfmJgf6g2IO,2020-04-03
196,Sa Dulo Ng Walang Hanggan - Sa Ngalan Ng Pag-Ibig Piano Version,December Avenue,20340,https://open.spotify.com/track/1mTROTnvFi7uxGciL319Kb,2020-04-03
197,How Do You Sleep?,Sam Smith,20242,https://open.spotify.com/track/6b2RcmUt1g9N9mQ3CbjX2Y,2020-04-03
198,The Way You Look at Me,Christian Bautista,20191,https://open.spotify.com/track/1C3wg8sCIPqpNQx0wAL4DC,2020-04-03
199,Know Your Worth,Khalid,20158,https://open.spotify.com/track/0TrPqhAMoaKUFLR7iYDokf,2020-04-03
200,"Halik Sa Hangin - From ""The Killer Bride""",KZ Tandingan,20096,https://open.spotify.com/track/77iVPjxBy9Q3GgOxVE1UUA,2020-04-03
1,Intentions (feat. Quavo),Justin Bieber,203873,https://open.spotify.com/track/4umIPjkehX1r7uhmGvXiSV,2020-04-04
2,Don't Start Now,Dua Lipa,193769,https://open.spotify.com/track/3PfIrDoz19wz7qK7tYeu62,2020-04-04
3,Sunday Best,Surfaces,163987,https://open.spotify.com/track/1Cv1YLb4q0RzL6pybtaMLo,2020-04-04
4,death bed (coffee for your head) (feat. beabadoobee),Powfu,162892,https://open.spotify.com/track/7eJMfftS33KTjuF7lTsMCx,2020-04-04
5,Imahe,Magnus Haven,153475,https://open.spotify.com/track/65sEZZaxTjLMD8vNgPoMz5,2020-04-04
6,Make It With You,Ben&Ben,146274,https://open.spotify.com/track/2Mo4pOpCYXOu33856sMQLh,2020-04-04
7,Dance Monkey,Tones And I,133880,https://open.spotify.com/track/1rgnBhdG2JDFTbYkYRZAku,2020-04-04
8,Pagtingin,Ben&Ben,130955,https://open.spotify.com/track/5l9g7py8RCblcvbZgGQgSd,2020-04-04
9,Teka Lang,Emman,127822,https://open.spotify.com/track/47UUjZbqZjcrzELnFBB1Ht,2020-04-04
10,Someone You Loved,Lewis Capaldi,126698,https://open.spotify.com/track/7qEHsqek33rTcFNT9PFqLf,2020-04-04
11,Like That (feat. Gucci Mane),Doja Cat,125462,https://open.spotify.com/track/4EivmOT13NMpNSfTKn9p4s,2020-04-04
12,"10,000 Hours (with Justin Bieber)",Dan + Shay,121273,https://open.spotify.com/track/2wrJq5XKLnmhRXHIAf9xBa,2020-04-04
13,Say So,Doja Cat,120729,https://open.spotify.com/track/3Dv1eDb0MEgF93GpLXlucZ,2020-04-04
14,Sa Susunod na Habang Buhay,Ben&Ben,114287,https://open.spotify.com/track/3PgjBOoA5OytNGkglObpOd,2020-04-04
15,Hindi Tayo Pwede,The Juans,112447,https://open.spotify.com/track/6VqZS3Wmf53pbfDBVEYvnP,2020-04-04
16,Supalonely,BENEE,111425,https://open.spotify.com/track/4nK5YrxbMGZstTLbvj6Gxw,2020-04-04
17,Circles,Post Malone,109059,https://open.spotify.com/track/21jGcNKet2qwijlDFuPiPb,2020-04-04
18,Memories,Maroon 5,106268,https://open.spotify.com/track/2b8fOow8UzyDFAE27YhOZM,2020-04-04
19,Vibe With Me,Matthaios,102639,https://open.spotify.com/track/0G5qmu4TsdUH19zdcbI9Ui,2020-04-04
20,Falling,Trevor Daniel,101867,https://open.spotify.com/track/2rRJrJEo19S2J82BDsQ3F7,2020-04-04
21,Yummy,Justin Bieber,98603,https://open.spotify.com/track/16wAOAZ2OkqoIDN7TpChjR,2020-04-04
22,Araw-Araw Love,Flow G,98302,https://open.spotify.com/track/1x7DysraeqSgVgj95hHc3U,2020-04-04
23,Break My Heart,Dua Lipa,92837,https://open.spotify.com/track/017PF4Q3l4DBUiWoXk4OWT,2020-04-04
24,Masyado Pang Maaga,Ben&Ben,92754,https://open.spotify.com/track/0luyrm1L6gjtoLekHOf67t,2020-04-04
25,Malayo Ka Man,Jr Crown,92441,https://open.spotify.com/track/3R6Hl2e7hAyCfofRRToKAo,2020-04-04
26,Blinding Lights,The Weeknd,91872,https://open.spotify.com/track/0VjIjW4GlUZAMYd2vXMi3b,2020-04-04
27,Yellow Hearts,Ant Saunders,91858,https://open.spotify.com/track/2W4yABdLc4Jnds67Poi5Nl,2020-04-04
28,ROXANNE,Arizona Zervas,91465,https://open.spotify.com/track/696DnlkuDOXcMAnKlTgXXK,2020-04-04
29,Make You Mine,PUBLIC,89357,https://open.spotify.com/track/5iFwAOB2TFkPJk8sMlxP8g,2020-04-04
30,The Box,Roddy Ricch,87498,https://open.spotify.com/track/0nbXyq5TXYPCO7pr3N8S4I,2020-04-04
31,Beautiful Scars,Maximillian,87166,https://open.spotify.com/track/0iw0EuzmMKMYvZuQYW8DBA,2020-04-04
32,Kathang Isip,Ben&Ben,84047,https://open.spotify.com/track/3WUEs51GpcvlgU7lehLgLh,2020-04-04
33,Catriona,Matthaios,76986,https://open.spotify.com/track/4YMfE4r1JWADFw2Fn74XW2,2020-04-04
34,Mean It,Lauv,76874,https://open.spotify.com/track/3uc8AGNL0KbvISIrjnfRvN,2020-04-04
35,Maybe The Night,Ben&Ben,75277,https://open.spotify.com/track/1yDiru08Q6omDOGkZMPnei,2020-04-04
36,I Want You Back,Matthaios,75181,https://open.spotify.com/track/5jLUKFlEJzOf6b6PCaohFI,2020-04-04
37,Can We Kiss Forever?,Kina,74640,https://open.spotify.com/track/58wyJLv6yH1La9NIZPl3ne,2020-04-04
38,Ivana,Soulstice,73022,https://open.spotify.com/track/54b8IPvheXDpro2VR2rWAS,2020-04-04
39,Savage,Megan Thee Stallion,71948,https://open.spotify.com/track/55CHeLEfn5iJ0IIkgaa4si,2020-04-04
40,Paalam,Moira Dela Torre,70128,https://open.spotify.com/track/6D9DwqiHiMKmy2V7HvN6zs,2020-04-04
41,Araw-Araw,Ben&Ben,68981,https://open.spotify.com/track/4rG3h1QwgjSSWz8EIjCFrm,2020-04-04
42,It's You,Ali Gatie,68005,https://open.spotify.com/track/5DqdesEfbRyOlSS3Tf6c29,2020-04-04
43,In Your Eyes,The Weeknd,65633,https://open.spotify.com/track/7szuecWAPwGoV1e5vGu8tl,2020-04-04
44,Toosie Slide,Drake,64943,https://open.spotify.com/track/127QTOFJsJQp5LbJbu3A1y,2020-04-04
45,Sana,I Belong to the Zoo,64567,https://open.spotify.com/track/1X4l4i472kW5ofFP8Xo0x0,2020-04-04
46,I.F.L.Y.,Bazzi,64463,https://open.spotify.com/track/4a6q8CR2hzLk2plDkSxkfD,2020-04-04
47,WANNABE,ITZY,64232,https://open.spotify.com/track/6tCssnvTUREcperDOUTqvA,2020-04-04
48,"always, i'll care",Jeremy Zucker,62535,https://open.spotify.com/track/1LdS1ULS9e18oW3M2C1MUj,2020-04-04
49,Get You The Moon (feat. Snøw),Kina,62226,https://open.spotify.com/track/4ZLzoOkj0MPWrTLvooIuaa,2020-04-04
50,Leaves,Ben&Ben,56950,https://open.spotify.com/track/6wdCelHrPh7UfliNjwRTUv,2020-04-04
51,Blueberry Faygo,Lil Mosey,55644,https://open.spotify.com/track/22LAwLoDA5b4AaGSkg6bKW,2020-04-04
52,Kung 'Di Rin Lang Ikaw,December Avenue,54740,https://open.spotify.com/track/2BgD4nRyx9EZ5o8YEnjRSV,2020-04-04
53,comethru,Jeremy Zucker,47243,https://open.spotify.com/track/18uwL0vNUanqZH0ro2QcOP,2020-04-04
54,Binalewala - Original Version,Michael Dutchi Libranda,43446,https://open.spotify.com/track/2tR5liucorXRwduxr0qEx6,2020-04-04
55,2002,Anne-Marie,41164,https://open.spotify.com/track/2BgEsaKNfHUdlh97KmvFyo,2020-04-04
56,Your Song,Parokya Ni Edgar,40126,https://open.spotify.com/track/3OpGUlDmRUXh0NkIYWoIlD,2020-04-04
57,Miracle Nights,ALLMO$T,39588,https://open.spotify.com/track/3sWLOFGI7dNN6YBM1m1RKB,2020-04-04
58,Physical,Dua Lipa,39447,https://open.spotify.com/track/3AzjcOeAmA57TIOr9zF1ZW,2020-04-04
59,Landas,Magnus Haven,39280,https://open.spotify.com/track/7EoLMCwL7LfLsLF8acLpih,2020-04-04
60,Sa Ngalan Ng Pag-Ibig,December Avenue,38653,https://open.spotify.com/track/00mBzIWv5gHOYxwuEJXjOG,2020-04-04
61,Kahit Ayaw Mo Na,This Band,37869,https://open.spotify.com/track/58grXgbCj7t5ulr0TGLIr9,2020-04-04
62,Say You Won't Let Go,James Arthur,37721,https://open.spotify.com/track/5uCax9HTNlzGybIStD3vDh,2020-04-04
63,Beautiful People (feat. Khalid),Ed Sheeran,37712,https://open.spotify.com/track/70eFcWOvlMObDhURTqT4Fv,2020-04-04
64,I Like Me Better,Lauv,37572,https://open.spotify.com/track/2P91MQbaiQOfbiz9VqhqKQ,2020-04-04
65,Roses - Imanbek Remix,SAINt JHN,37530,https://open.spotify.com/track/24Yi9hE78yPEbZ4kxyoXAI,2020-04-04
66,Adore You,Harry Styles,36820,https://open.spotify.com/track/3jjujdWJ72nww5eGnfs2E7,2020-04-04
67,Skechers,DripReport,36578,https://open.spotify.com/track/2alc8VZAzDgdAsL2QMk3hu,2020-04-04
68,Malibu Nights,LANY,36243,https://open.spotify.com/track/0Eqg0CQ7bK3RQIMPw1A7pl,2020-04-04
69,Sa Susunod Na Lang,PDL,36223,https://open.spotify.com/track/34ob61cxp34Sf7KHK6RnSU,2020-04-04
70,Best Part (feat. Daniel Caesar),H.E.R.,35964,https://open.spotify.com/track/4OBZT9EnhYIV17t4pGw7ig,2020-04-04
71,Huling Sandali (Tayo Sa Huling Buwan Ng Taon Official Soundtrack),December Avenue,35832,https://open.spotify.com/track/24ngpWhBOxKJtIPnzSNX8c,2020-04-04
72,BELIEVE IT,PARTYNEXTDOOR,35496,https://open.spotify.com/track/4HDCLYli2SUdkq9OjmvhSD,2020-04-04
73,Relationship (feat. Future),Young Thug,35372,https://open.spotify.com/track/25oOaleife6E2MIKmFkPvg,2020-04-04
74,"Patawad, Paalam",Moira Dela Torre,34496,https://open.spotify.com/track/5QJYLlZvfZHX1wUTrgROru,2020-04-04
75,Señorita,Shawn Mendes,34279,https://open.spotify.com/track/6v3KW9xbzN5yKLt9YKDYA2,2020-04-04
76,Tala,Sarah Geronimo,33816,https://open.spotify.com/track/4T7CM071eEoHudiDShZlCJ,2020-04-04
77,I Don't Care (with Justin Bieber),Ed Sheeran,33719,https://open.spotify.com/track/0hVXuCcriWRGvwMV1r5Yn9,2020-04-04
78,Zebbiana,Skusta Clee,32933,https://open.spotify.com/track/6IdEQ3HUseBeRUYFSzSMdL,2020-04-04
79,Ikaw At Ako,Moira Dela Torre,32805,https://open.spotify.com/track/0gDRtumoR9ZrvAlnniToMz,2020-04-04
80,Sanctuary,Joji,32661,https://open.spotify.com/track/3xaugmCyXrVkrDTXbFkMW3,2020-04-04
81,Mundo,IV Of Spades,32372,https://open.spotify.com/track/4u8RkgV6P4TLi89SmlUtv8,2020-04-04
82,Sunflower - Spider-Man: Into the Spider-Verse,Post Malone,32210,https://open.spotify.com/track/0RiRZpuVRbi7oqRdSMwhQY,2020-04-04
83,Rainbow,South Border,31629,https://open.spotify.com/track/3ueq4reab02CypseErxvwS,2020-04-04
84,Nobela,Join The Club,31417,https://open.spotify.com/track/3vGkyQlCw8LklNip0ZUELC,2020-04-04
85,Buwan,juan karlos,30922,https://open.spotify.com/track/5f9808hpiCpuNyqqdXmpF2,2020-04-04
86,The Day You Said Goodnight,Hale,30390,https://open.spotify.com/track/0HZ3OUVrGHxttD2EuHqRm3,2020-04-04
87,Bounty,Ex Battalion,30187,https://open.spotify.com/track/3BNwUaRo3w1teVSkd69sL8,2020-04-04
88,Hindi Na Nga,This Band,30024,https://open.spotify.com/track/2RgD3eO4IIGF16rR8Ch8OV,2020-04-04
89,Forever (feat. Post Malone & Clever),Justin Bieber,29780,https://open.spotify.com/track/2ZlCGeK30BLRNSPC832pNZ,2020-04-04
90,Psycho,Red Velvet,29483,https://open.spotify.com/track/3CYH422oy1cZNoo0GTG1TK,2020-04-04
91,Boss Bitch,Doja Cat,29378,https://open.spotify.com/track/78qd8dvwea0Gosb6Fe6j3k,2020-04-04
92,Fall,Ben&Ben,28667,https://open.spotify.com/track/4SQ3HwsAiGTikY7gOAybwH,2020-04-04
93,Boy With Luv (feat. Halsey),BTS,28584,https://open.spotify.com/track/5KawlOMHjWeUjQtnuRs22c,2020-04-04
94,Tell Me Where It Hurts,MYMP,28153,https://open.spotify.com/track/6C2nrsOlb3jOUGcJAmPrTA,2020-04-04
95,Too Good At Goodbyes,Sam Smith,27928,https://open.spotify.com/track/1mXVgsBdtIVeCLJnSnmtdV,2020-04-04
96,Kung Wala Ka,Hale,27784,https://open.spotify.com/track/4JSDhJVmo2UqdF7nxbyenn,2020-04-04
97,lowkey,NIKI,27583,https://open.spotify.com/track/5TTXEcfsYLh6fTarLaevTi,2020-04-04
98,ily (i love you baby) (feat. Emilee),Surf Mesa,27077,https://open.spotify.com/track/62aP9fBQKYKxi7PDXwcUAS,2020-04-04
99,Lose Control,MEDUZA,27031,https://open.spotify.com/track/7CHi4DtfK4heMlQaudCuHK,2020-04-04
100,Bakit Ba Ikaw,Michael Pangilinan,26994,https://open.spotify.com/track/0Vmk6Ebk4QBq7r0VAz2a6s,2020-04-04
101,Love Someone,Lukas Graham,26882,https://open.spotify.com/track/0OCRwXbQRdOZ1OtB4Imsp1,2020-04-04
102,With a Smile,South Border,26785,https://open.spotify.com/track/6XmskR1cMfgys1W7dExmgi,2020-04-04
103,Feelings,Lauv,26756,https://open.spotify.com/track/0s26En1JoJhVj32vizElpA,2020-04-04
104,I Need You More Today,Caleb Santos,26749,https://open.spotify.com/track/761frfZtZ8I2g70UsjFfBK,2020-04-04
105,Bulong,December Avenue,26727,https://open.spotify.com/track/5nMKJJ5Rl6X1yn58aVeICO,2020-04-04
106,What If I Told You That I Love You,Ali Gatie,26554,https://open.spotify.com/track/3cqPu20DGTGUoZtbJH2Dmi,2020-04-04
107,214,Rivermaya,26528,https://open.spotify.com/track/7gZ3kWNtIxFgxjsm5OTVMB,2020-04-04
108,Hanggang Kailan - Umuwi Ka Na Baby,Orange & Lemons,26499,https://open.spotify.com/track/5UhpceEr5XmbVwyoIUIRnh,2020-04-04
109,Dahan,December Avenue,26489,https://open.spotify.com/track/6BxJLJw228OY5BFerPGl7z,2020-04-04
110,Shape of My Heart,Backstreet Boys,26469,https://open.spotify.com/track/35o9a4iAfLl5jRmqMX9c1D,2020-04-04
111,Lover,Taylor Swift,26246,https://open.spotify.com/track/1dGr1c8CrMLDpV6mPbImSI,2020-04-04
112,If the World Was Ending - feat. Julia Michaels,JP Saxe,25998,https://open.spotify.com/track/2kJwzbxV2ppxnQoYw4GLBZ,2020-04-04
113,"fuck, i'm lonely (with Anne-Marie)",Lauv,25964,https://open.spotify.com/track/09PGubKAMryhOWv1LHpCYz,2020-04-04
114,What Am I,Why Don't We,25696,https://open.spotify.com/track/0TMGV2zMZXOILVtQLtkI3G,2020-04-04
115,This I Promise You,*NSYNC,25656,https://open.spotify.com/track/46n2EGFnPC3tzWCN1Aqe26,2020-04-04
116,You Are The Reason,Calum Scott,25640,https://open.spotify.com/track/69vToJ9BMbbLlFZo7k7A7B,2020-04-04
117,Die For You,The Weeknd,25472,https://open.spotify.com/track/2LBqCSwhJGcFQeTHMVGwy3,2020-04-04
118,Urong Sulong,Alisson Shore,25152,https://open.spotify.com/track/2KoWHNtJrbE0WxWfQjYjyu,2020-04-04
119,Titig,MC Einstein,25109,https://open.spotify.com/track/1x8pFCRfBnDqckyB6mlZci,2020-04-04
120,Ikaw Lang,Kiyo,25041,https://open.spotify.com/track/2kRjoaqiyeS0Faus5wKztH,2020-04-04
121,Tagpuan,Moira Dela Torre,24937,https://open.spotify.com/track/0ztDBQdQmdVZvorSmIjMih,2020-04-04
122,You're Still The One,Shania Twain,24839,https://open.spotify.com/track/6sU3YUz0Ld3OPFmrnxlpzD,2020-04-04
123,Falling,Harry Styles,24602,https://open.spotify.com/track/1ZMiCix7XSAbfAJlEZWMCp,2020-04-04
124,Stickwitu,The Pussycat Dolls,24590,https://open.spotify.com/track/2lgz3yy1AyoceOVOOBmiOS,2020-04-04
125,Neneng B,Nik Makino,24474,https://open.spotify.com/track/0BaMZMMEG7GWrUYsoGw8Yg,2020-04-04
126,bad guy,Billie Eilish,24295,https://open.spotify.com/track/2Fxmhks0bxGSBdJ92vM42m,2020-04-04
127,ILYSB - STRIPPED,LANY,24251,https://open.spotify.com/track/3Dkvp3L4w0uJFYfIPa8E9H,2020-04-04
128,Rewrite The Stars,Zac Efron,24102,https://open.spotify.com/track/630sXRhIcfwr2e4RdNtjKN,2020-04-04
129,"Till My Heartaches End - From ""The Significant Other""",KZ Tandingan,23996,https://open.spotify.com/track/4isDU5tDNqFLQ5xQ9NgPmz,2020-04-04
130,Tattoos Together,Lauv,23918,https://open.spotify.com/track/1Srt81FTalOhRw7t7l8Yh8,2020-04-04
131,After Hours,The Weeknd,23831,https://open.spotify.com/track/2p8IUWQDrpjuFltbdgLOag,2020-04-04
132,Ride Home,Ben&Ben,23814,https://open.spotify.com/track/1fXHTDYsJiFOjVWITaFp1j,2020-04-04
133,Someday,Nina,23784,https://open.spotify.com/track/1MkiRsYBkXbXvdiYvTTiQT,2020-04-04
134,Just the Way You Are,Bruno Mars,23728,https://open.spotify.com/track/7BqBn9nzAq8spo5e7cZ0dJ,2020-04-04
135,Balang Araw,I Belong to the Zoo,23548,https://open.spotify.com/track/5NXdUJ3Z2jhlp2u1cj6f7m,2020-04-04
136,ME! (feat. Brendon Urie of Panic! At The Disco),Taylor Swift,23383,https://open.spotify.com/track/2Rk4JlNc2TPmZe2af99d45,2020-04-04
137,Pauwi Nako,PDL,23361,https://open.spotify.com/track/2tzAN1L07SNwnOdgOEeuQr,2020-04-04
138,Renee's Song,Bazzi,23346,https://open.spotify.com/track/13iMiwdY7pgE1f7NwYKr1D,2020-04-04
139,Ikaw Lamang,Silent Sanctuary,23169,https://open.spotify.com/track/2v5VIWMjZxeiG52KckiXxS,2020-04-04
140,She Will Be Loved - Radio Mix,Maroon 5,23154,https://open.spotify.com/track/4llK75pXNWZz6KAho2Gp16,2020-04-04
141,IDGAF,Dua Lipa,23126,https://open.spotify.com/track/76cy1WJvNGJTj78UqeA5zr,2020-04-04
142,Like It Is,Kygo,22951,https://open.spotify.com/track/3frUvGrmGcay91lvFbOgsN,2020-04-04
143,i'm so tired...,Lauv,22941,https://open.spotify.com/track/4vjpLMyL3ZO6aphdYr8XYw,2020-04-04
144,If I Can't Have You,Shawn Mendes,22876,https://open.spotify.com/track/2bT1PH7Cw3J9p3t7nlXCdh,2020-04-04
145,Your Song (My One and Only You),Julie Anne San Jose,22778,https://open.spotify.com/track/5Seh4HfqT1mFnRJQswqz51,2020-04-04
146,"thank u, next",Ariana Grande,22763,https://open.spotify.com/track/3e9HZxeyfWwjeyPAMmWSSQ,2020-04-04
147,Before I Let You Go,Freestyle,22713,https://open.spotify.com/track/5T8bLnWG8sg9ER8RKNZbCB,2020-04-04
148,Dating Tayo,TJ Monterde,22625,https://open.spotify.com/track/267RumTt5KeLBGl2KWxBL0,2020-04-04
149,Before You Go,Lewis Capaldi,22536,https://open.spotify.com/track/2gMXnyrvIjhVBUZwvLZDMP,2020-04-04
150,Feel Special,TWICE,22396,https://open.spotify.com/track/14rWuS6yllHOdfZ8sZsZUj,2020-04-04
151,Kahit Di Mo Alam,December Avenue,22382,https://open.spotify.com/track/6GIzDc4xBUeYHwubWwTrhC,2020-04-04
152,Tadhana,Up Dharma Down,22350,https://open.spotify.com/track/6NFKf8vBApSvtzkapYmnVR,2020-04-04
153,Beautiful (feat. Camila Cabello),Bazzi,22321,https://open.spotify.com/track/4VUwkH455At9kENOfzTqmF,2020-04-04
154,Young & Alive,Bazzi,22304,https://open.spotify.com/track/5RsKelNxucrDxgMbZ3vd3W,2020-04-04
155,Without Me,Halsey,22265,https://open.spotify.com/track/6FZDfxM3a3UCqtzo5pxSLZ,2020-04-04
156,Repeat,Al James,22233,https://open.spotify.com/track/011GTFfE8rqTRMhz5g8IAW,2020-04-04
157,Bella Ciao - Música Original de la Serie la Casa de Papel/ Money Heist,Manu Pilas,22094,https://open.spotify.com/track/3lWzVNe1yFZlkeBBzUuZYu,2020-04-04
158,Lose You To Love Me,Selena Gomez,22056,https://open.spotify.com/track/4l0Mvzj72xxOpRrp6h8nHi,2020-04-04
159,The Weekend - Funk Wav Remix,SZA,22053,https://open.spotify.com/track/0P6AWOA4LG1XOctzaVu5tt,2020-04-04
160,Normalan,Shanti Dope,21989,https://open.spotify.com/track/2ctqjxISMsrkCg7YdGkECu,2020-04-04
161,Weak,Khel Pangilinan,21895,https://open.spotify.com/track/06cUybZMETs4i3yQO1f7p3,2020-04-04
162,Shallow,Lady Gaga,21827,https://open.spotify.com/track/2VxeLyX666F8uXCJ0dZF8B,2020-04-04
163,Dantay,Kiyo,21797,https://open.spotify.com/track/7tQ2P3dP76bj1aSEfe8StO,2020-04-04
164,Out of My League,Stephen Speaks,21781,https://open.spotify.com/track/2PkQeKapTNUjwpKLf8aJlq,2020-04-04
165,Lucky,Jason Mraz,21729,https://open.spotify.com/track/2qLMf6TuEC3ruGJg4SMMN6,2020-04-04
166,Goodbyes (Feat. Young Thug),Post Malone,21687,https://open.spotify.com/track/6vBdBCoOhKHiYDDOcorfNo,2020-04-04
167,Demonyo,juan karlos,21438,https://open.spotify.com/track/1WXs4O7mBxXglHJPwYweHq,2020-04-04
168,Bagay Tayo,ALLMO$T,21428,https://open.spotify.com/track/2mwd0LWLBgtQBEOLG96nbU,2020-04-04
169,ON,BTS,21388,https://open.spotify.com/track/2QyuXBcV1LJ2rq01KhreMF,2020-04-04
170,Never Really Over,Katy Perry,21336,https://open.spotify.com/track/5PYQUBXc7NYeI1obMKSJK0,2020-04-04
171,You And Me,Lifehouse,21240,https://open.spotify.com/track/0815caqt2Lytro5EIzMufT,2020-04-04
172,It Might Be You - Theme from Everyday I Love You,Michael Pangilinan,21202,https://open.spotify.com/track/4FdQYoWFym37QDQ2GkEHi1,2020-04-04
173,Perfect,Ed Sheeran,21153,https://open.spotify.com/track/0tgVpDi06FyKpA1z0VMD4v,2020-04-04
174,Sa Dulo Ng Walang Hanggan - Sa Ngalan Ng Pag-Ibig Piano Version,December Avenue,21141,https://open.spotify.com/track/1mTROTnvFi7uxGciL319Kb,2020-04-04
175,I'm Yours,Jason Mraz,21093,https://open.spotify.com/track/3S0OXQeoh0w6AY8WQVckRW,2020-04-04
176,Ang Huling El Bimbo,Eraserheads,20978,https://open.spotify.com/track/135ggzbjOogZ75IQ0LQi8r,2020-04-04
177,Oceans (Where Feet May Fail),Hillsong UNITED,20977,https://open.spotify.com/track/5Mw9bXG1dLNhbjofkVS2oR,2020-04-04
178,Lexi,Nik Makino,20960,https://open.spotify.com/track/5LZqOdfYUXunyhHmPqGI6j,2020-04-04
179,Dancing With A Stranger (with Normani),Sam Smith,20926,https://open.spotify.com/track/6Qs4SXO9dwPj5GKvVOv8Ki,2020-04-04
180,How Deep Is Your Love,Bee Gees,20904,https://open.spotify.com/track/2JoZzpdeP2G6Csfdq5aLXP,2020-04-04
181,Godzilla (feat. Juice WRLD),Eminem,20879,https://open.spotify.com/track/7FIWs0pqAYbP91WWM0vlTQ,2020-04-04
182,Fly You to the Moon,Justin Vasquez,20826,https://open.spotify.com/track/0airDlKC7gQNcooMHyIydT,2020-04-04
183,So Sick,Ne-Yo,20697,https://open.spotify.com/track/6brl7bwOHmGFkNw3MBqssT,2020-04-04
184,Magbalik,Callalily,20647,https://open.spotify.com/track/5zMR44ZH4KVZj4FlhTj3SE,2020-04-04
185,Mabagal,Daniel Padilla,20617,https://open.spotify.com/track/4wJ5SjIkViEQEu95U8oyLt,2020-04-04
186,Ex,Callalily,20545,https://open.spotify.com/track/0GHwNr0lqf8jpc9wesmnHo,2020-04-04
187,How Do You Sleep?,Sam Smith,20540,https://open.spotify.com/track/6b2RcmUt1g9N9mQ3CbjX2Y,2020-04-04
188,All Out Of Love,Air Supply,20459,https://open.spotify.com/track/3bbqxv8GN3RhaPnrWxFbmP,2020-04-04
189,"Halik Sa Hangin - From ""The Killer Bride""",KZ Tandingan,20085,https://open.spotify.com/track/77iVPjxBy9Q3GgOxVE1UUA,2020-04-04
190,The Man,Taylor Swift,20049,https://open.spotify.com/track/3RauEVgRgj1IuWdJ9fDs70,2020-04-04
191,Migraine,Moonstar88,19817,https://open.spotify.com/track/7sW3f7PqDV7BQ7qqeVBJIA,2020-04-04
192,Something New (feat. Ty Dolla $ign),Wiz Khalifa,19785,https://open.spotify.com/track/6u8hSdYZxbK5EczDPRIXXf,2020-04-04
193,Kill This Love,BLACKPINK,19692,https://open.spotify.com/track/4pUCKHjJ4Ijewc37rRrvHn,2020-04-04
194,Patawad,Moira Dela Torre,19612,https://open.spotify.com/track/6tw7xpKrZm9vHfymxBc52E,2020-04-04
195,Photograph,Ed Sheeran,19564,https://open.spotify.com/track/6fxVffaTuwjgEk5h9QyRjy,2020-04-04
196,When You Say Nothing At All,Ronan Keating,19554,https://open.spotify.com/track/0gcjc7Vt5xtcfmJgf6g2IO,2020-04-04
197,I Want It That Way,Backstreet Boys,19449,https://open.spotify.com/track/47BBI51FKFwOMlIiX6m8ya,2020-04-04
198,Nobody Knows,Russ,19389,https://open.spotify.com/track/1pNAf6W7POwjOD8x8mWf8G,2020-04-04
199,The Way You Look at Me,Christian Bautista,19382,https://open.spotify.com/track/1C3wg8sCIPqpNQx0wAL4DC,2020-04-04
200,Beautiful Soul,Jesse McCartney,19377,https://open.spotify.com/track/1HwpWwa6bnqqRhK8agG4RS,2020-04-04
